district,rps01,rps02,rps03,rps04,rps05,rps06,rps07,rps08,rps09,rps10,rps11,rps12,rps13,rps14,rps15,rps16,rps17,rps18,rps19,rps20,rps21,rps22,rps23,rps24,rps25,rps26,rps27
板橋區,房地(土地+建物),新北市板橋區中正路275巷62弄1~30號,13.88,住,,,1080424,土地2建物1車位0,四層，陽台,四層,公寓(5樓含以下無電梯),住家用,鋼筋混凝土造,690731,42.08,3,2,1,有,無,2500000,59411,,0,0,親友、員工或其他特殊關係間之交易。;含增建部分一併移轉,RPXSMLOLPHOFFAF07CA
板橋區,房地(土地+建物),新北市板橋區懷德街76巷1~30號,31.75,住,,,1080522,土地3建物1車位0,一層,四層,公寓(5樓含以下無電梯),住家用,鋼筋混凝土造,640610,91.14,0,0,0,無,無,16800000,184332,,0,0,含增建或未登記建物。;,RPUOMLQLPHOFFAF56CA
板橋區,房地(土地+建物),新北市板橋區中山路二段89巷6弄1~30號,26,住,,,1080528,土地2建物1車位0,三層,四層,公寓(5樓含以下無電梯),住家用,鋼筋混凝土造,660615,63.54,3,2,1,有,無,7000000,110167,,0,0,,RPORMLLJQHOFFAF28CA
新莊區,房地(土地+建物),新北市新莊區福海街31巷1~30號,41.66,住,,,1080418,土地4建物1車位0,二層，陽台,四層,公寓(5樓含以下無電梯),住家用,鋼筋混凝土造,670518,92.29,3,2,1,有,無,6250000,67721,,0,0,親友、員工或其他特殊關係間之交易。;,RPXRMLNLPHOFFBF96CA
新莊區,房地(土地+建物),新北市新莊區中港二街91~120號,19.9,住,,,1080625,土地1建物1車位0,三層,四層,公寓(5樓含以下無電梯),住家用,鋼筋混凝土造,631018,60.56,2,1,1,有,無,6000000,99075,,0,0,,RPRSMLNKQHOFFBF09CA
汐止區,房地(土地+建物),新北市汐止區福山街62巷1~30號,25.72,住,,,1080513,土地3建物1車位0,四層,四層,公寓(5樓含以下無電梯),住家用,鋼筋混凝土造,690328,82.26,3,1,1,有,無,8500000,103331,,0,0,,RPSNMLTLPHOFFDF86CA
三重區,房地(土地+建物),新北市三重區新生街61~90號,28.89,住,,,1080531,土地1建物1車位0,三層，陽台,四層,公寓(5樓含以下無電梯),住家用,鋼筋混凝土造,671030,82,3,2,1,有,無,7550000,92073,,0,0,含增建或未登記建物。;,RPPQMLPLPHOFFGF76CA
三重區,房地(土地+建物),新北市三重區重陽路一段130巷1弄1~30號,20.83,住,,,1080619,土地1建物1車位0,一層,四層,公寓(5樓含以下無電梯),商業用,鋼筋混凝土造,660509,68,0,0,0,無,無,10000000,147059,,0,0,,RPSPMLKMPHOFFGF56CA
永和區,房地(土地+建物),新北市永和區民有街1~30號,36.36,住,,,1080703,土地1建物1車位0,四層,四層,公寓(5樓含以下無電梯),見其他登記事項,見其他登記事項,600903,79.37,3,1,1,有,無,8400000,105833,,0,0,,RPQNMLNLPHOFFHF09CA
中和區,房地(土地+建物),新北市中和區南山路31~60號,28.43,住,,,1080602,土地2建物1車位0,一層，騎樓,四層,店面(店鋪),商業用,加強磚造,640811,98.31,1,2,2,有,無,15000000,152579,,0,0,含增建或未登記建物。;,RPTOMLNLPHOFFHF86CA
中和區,房地(土地+建物),新北市中和區圓通路162巷1~30號,22.79,住,,,1080708,土地1建物1車位0,四層，陽台,四層,公寓(5樓含以下無電梯),住家用,鋼筋混凝土造,680104,73.32,3,2,1,有,無,7800000,106383,,0,0,含增建或未登記建物。;,RPTPMLNLPHOFFHF96CA
中和區,房地(土地+建物)+車位,新北市中和區圓通路367巷33弄91~120號,184.31,其他,,,1080616,土地4建物1車位1,一層,四層,華廈(10層含以下有電梯),見其他登記事項,鋼筋混凝土造,980904,499.699999999999,4,2,2,有,有,21800000,43626,坡道平面,31.27,0,,RPPRMLLJQHOFFHF09CA
中和區,房地(土地+建物),新北市中和區秀峰街91~120號,44.13,住,,,1080622,土地2建物1車位0,四層，陽台,四層,公寓(5樓含以下無電梯),住家用,鋼筋混凝土造,650706,113.8,6,1,6,有,無,8500000,74692,,0,0,含增建或未登記建物。;,RPSOMLQKQHOFFHF07CA
中和區,房地(土地+建物),新北市中和區大勇街60巷1~30號,24.25,住,,,1080117,土地1建物1車位0,三層,四層,公寓(5樓含以下無電梯),住家用,加強磚造,610912,61.1,3,1,1,有,無,6800000,111293,,0,0,,RPPNMLTKQHOFFHF96CA
中和區,房地(土地+建物),新北市中和區國光街112巷1~30號,28.44,住,,,1080514,土地1建物1車位0,二層，陽台,四層,公寓(5樓含以下無電梯),住家用,鋼筋混凝土造,691203,104.5,3,2,1,有,無,9500000,90909,,0,0,含增建或未登記建物。,RPWOMLQLPHOFFHF57DA
泰山區,房地(土地+建物),新北市泰山區明志路二段273巷3弄1~30號,47.8,住,,,1080715,土地1建物1車位0,三層，陽台,四層,公寓(5樓含以下無電梯),住家用,鋼筋混凝土造,680907,100.9,4,1,2,有,無,5800000,57483,,0,0,,RPORMLMLPHOFFBF78EA
中和區,房地(土地+建物),新北市中和區民利街58巷3弄1~30號,46.03,住,,,1080622,土地1建物1車位0,一層，平台,四層,公寓(5樓含以下無電梯),住家用,鋼筋混凝土造,680109,85.56,3,2,2,有,無,12100000,141421,,0,0,含增建或未登記建物。,RPQQMLQLPHOFFHF17DA
中和區,房地(土地+建物),新北市中和區圓通路335巷4弄1~30號,32.71,住,,,1080627,土地1建物1車位0,三層，陽台,四層,公寓(5樓含以下無電梯),住家用,鋼筋混凝土造,670927,79.26,3,2,1,有,無,7000000,88317,,0,0,親友、員工或其他特殊關係間之交易。;,RPTOMLKMPHOFFHF76DA
新店區,房地(土地+建物),新北市新店區檳榔路22巷1~30號,36.94,住,,,1080602,土地5建物1車位0,四層,四層,公寓(5樓含以下無電梯),住家用,鋼筋混凝土造,620403,72.42,2,2,2,有,無,9800000,135322,,0,0,含增建或未登記建物、二人共有,RPOPMLMJQHOFFCF48DA
板橋區,房地(土地+建物),新北市板橋區民生路三段271~300號,23.75,住,,,1080705,土地1建物1車位0,四層，陽台,四層,公寓(5樓含以下無電梯),住家用,鋼筋混凝土造,,75.45,0,1,1,有,無,7500000,99404,,0,0,,RPROMLQLPHOFFAF98DA
永和區,房地(土地+建物),新北市永和區秀朗路二段91~120號,39.04,住,,,1080606,土地2建物2車位0,一層，騎樓,四層,公寓(5樓含以下無電梯),住家用,加強磚造,621219,87.2,2,2,1,有,無,25800000,295872,,0,0,建商與地主合建案。;,RPQPMLPLPHOFFHF86CA
中和區,房地(土地+建物),新北市中和區景新街467巷15弄1~30號,23.36,住,,,1080706,土地1建物1車位0,一層,四層,公寓(5樓含以下無電梯),住家用,加強磚造,610923,65.65,3,2,1,有,無,9500000,144707,,0,0,,RPROMLOLPHOFFHF76CA
三重區,房地(土地+建物),新北市三重區萬全街61~90號,33.07,住,,,1080708,土地1建物1車位0,二層，陽台,四層,公寓(5樓含以下無電梯),住家用,加強磚造,630701,95.55,4,2,3,有,無,11000000,115123,,0,0,含增建或未登記建物。;,RPQNMLPJQHOFFGF09CA
蘆洲區,房地(土地+建物),新北市蘆洲區民權路3巷1~30號,40.69,住,,,1080507,土地1建物1車位0,四層，陽台,四層,公寓(5樓含以下無電梯),住家用,鋼筋混凝土造,671223,117,0,0,0,無,無,8200000,70085,,0,0,,RPQQMLPLPHOFFGF86CA
三重區,房地(土地+建物),新北市三重區仁愛街377巷1~30號,26,住,,,1080706,土地1建物1車位0,二層，陽台,四層,公寓(5樓含以下無電梯),住家用,加強磚造,640613,77.2,4,1,1,有,無,3500000,45337,,0,0,親友、員工或其他特殊關係間之交易。;,RPPQMLOLPHOFFGF66CA
汐止區,房地(土地+建物),新北市汐止區長江街67巷1弄1~30號,39.74,住,,,1080626,土地2建物1車位0,三層,四層,公寓(5樓含以下無電梯),住家用,鋼筋混凝土造,691014,92.42,3,2,1,有,有,5000000,54101,,0,0,含增建或未登記建物。;,RPOOMLOLPHOFFDF68CA
新莊區,房地(土地+建物),新北市新莊區復興路二段196巷2弄1~30號,22.08,住,,,1080710,土地1建物1車位0,三層，陽台,四層,公寓(5樓含以下無電梯),住家用,鋼筋混凝土造,670731,69.62,3,1,1,有,無,7500000,107728,,0,0,,RPQOMLKLQHOFFBF38CA
五股區,房地(土地+建物),新北市五股區登林路61~90號,32.31,住,,,1080628,土地4建物1車位0,二層，陽台,四層,公寓(5樓含以下無電梯),住家用,鋼筋混凝土造,690915,75.46,3,2,1,有,無,4088000,54174,,0,0,,RPXNMLKMPHOFFBF98CA
板橋區,房地(土地+建物),新北市板橋區龍興街31~60號,25.44,住,,,1080618,土地3建物1車位0,二層，陽台,四層,公寓(5樓含以下無電梯),住家用,鋼筋混凝土造,,73.11,3,2,1,有,無,4500000,61551,,0,0,親友、員工或其他特殊關係間之交易。;,RPTWNLLMPHOFFAF96CA
板橋區,房地(土地+建物),新北市板橋區松柏街70巷1~30號,28.5,住,,,1080531,土地1建物1車位0,四層,四層,公寓(5樓含以下無電梯),住家用,鋼筋混凝土造,660716,95.88,4,1,2,有,無,10500000,109512,,0,0,,RPTOMLPLPHOFFAF98CA
板橋區,房地(土地+建物),新北市板橋區建國街31~60號,26.5,住,,,1080624,土地1建物1車位0,四層，陽台,四層,公寓(5樓含以下無電梯),住家用,加強磚造,630308,83.66,2,1,1,有,無,8600000,102797,,0,0,含增建或未登記建物。,RPWRMLOLPHOFFAF86CA
板橋區,房地(土地+建物),新北市板橋區莊敬路263巷1~30號,37.5,住,,,1080622,土地1建物1車位0,三層，陽台,四層,公寓(5樓含以下無電梯),住家用,加強磚造,,84.98,3,2,1,有,無,10000000,117675,,0,0,含增建或未登記建物。,RPTQMLNLPHOFFAF98CA
板橋區,房地(土地+建物),新北市板橋區幸福路60巷31~60號,24,住,,,1080529,土地1建物1車位0,三層,四層,公寓(5樓含以下無電梯),住家用,加強磚造,,56.22,3,2,1,有,無,6500000,115617,,0,0,親友、員工或其他特殊關係間之交易。;,RPOOMLPLPHOFFAF48CA
板橋區,房地(土地+建物),新北市板橋區介壽街31~60號,28.75,住,,,1080613,土地1建物1車位0,一層,四層,公寓(5樓含以下無電梯),住家用,加強磚造,,68.69,5,1,1,有,無,7000000,101907,,0,0,親友、員工或其他特殊關係間之交易。;未辦保存登記部分一併移轉。,RPSNOLKMPHOFFAF58CA
板橋區,房地(土地+建物),新北市板橋區富山街18巷1~30號,27.75,住,,,1080623,土地1建物1車位0,四層,四層,公寓(5樓含以下無電梯),住家用,鋼筋混凝土造,631226,102.19,3,2,1,有,無,8350000,81711,,0,0,,RPVQMLLJQHOFFAF88CA
板橋區,房地(土地+建物),新北市板橋區長江路三段121~150號,27.5,住,,,1080108,土地1建物1車位0,四層,四層,公寓(5樓含以下無電梯),住家用,加強磚造,,66.9,2,2,1,有,無,7960000,118984,,0,0,含增建或未登記建物。;,RPUNMLRJQHOFFAF09CA
新莊區,房地(土地+建物),新北市新莊區中誠街121~150號,21,住,,,1080621,土地1建物1車位0,二層，陽台,四層,公寓(5樓含以下無電梯),住家用,鋼筋混凝土造,660825,69.17,3,1,2,有,無,6350000,91803,,0,0,增建或占用範圍:陽台外推,RPWOMLPLPHOFFBF76CA
新莊區,房地(土地+建物),新北市新莊區八德街108巷1~30號,20.2,住,,,1080711,土地1建物1車位0,一層，平台,四層,公寓(5樓含以下無電梯),商業用,鋼筋混凝土造,680808,64.96,1,2,1,有,無,7640000,117611,,0,0,,RPSNMLQLPHOFFBF98CA
新店區,房地(土地+建物),新北市新店區安康路二段391~420號,26.26,其他,,,1080614,土地1建物1車位0,二層,四層,公寓(5樓含以下無電梯),住家用,鋼筋混凝土造,700924,97.34,3,2,2,有,無,7500000,77050,,0,0,含增建或未登記建物。;,RPPOMLPLPHOFFCF78CA
汐止區,房地(土地+建物)+車位,新北市汐止區秀山路53巷2弄1~30號,90.83,,山坡地保育區,丙種建築用地,1080619,土地1建物1車位1,一層，二層，地下層,四層,公寓(5樓含以下無電梯),住家用,鋼筋混凝土造,850209,191.99,4,2,2,有,有,10400000,54169,坡道平面,0,0,,RPROMLTKQHOFFDF86CA
汐止區,房地(土地+建物),新北市汐止區翠峰街21巷4弄1~30號,161.42,,鄉村區,乙種建築用地,1080712,土地1建物1車位0,一層，二層，三層，四層,四層,透天厝,見其他登記事項,鋼筋混凝土造,980921,411.69,3,3,3,有,無,25000000,60725,,0,0,,RPWOMLMJQHOFFDF56CA
三重區,房地(土地+建物),新北市三重區仁福街31~60號,24.5,住,,,1080612,土地1建物1車位0,一層,四層,公寓(5樓含以下無電梯),住家用,加強磚造,610601,65.21,3,1,1,有,無,8600000,131882,,0,0,含增建或未登記建物。;,RPROMLPLPHOFFGF76CA
蘆洲區,房地(土地+建物),新北市蘆洲區民生街1~30號,21.64,住,,,1080627,土地1建物1車位0,四層，陽台,四層,公寓(5樓含以下無電梯),住家用,鋼筋混凝土造,661201,78,3,2,2,有,無,6000000,76923,,0,0,含增建或未登記建物。;,RPTNMLQLPHOFFGF96CA
三重區,房地(土地+建物),新北市三重區六張街194巷2弄1~30號,23.75,住,,,1080612,土地1建物1車位0,一層,四層,公寓(5樓含以下無電梯),住家用,鋼筋混凝土造,660714,66,2,2,1,有,無,8920000,135152,,0,0,含增建或未登記建物。;,RPVNMLTLPHOFFGF47CA
三重區,房地(土地+建物),新北市三重區忠孝路三段40巷61~90號,35.26,住,,,1080621,土地1建物1車位0,三層，陽台,四層,公寓(5樓含以下無電梯),住家用,鋼筋混凝土造,680721,89,2,2,1,有,無,7500000,84270,,0,0,,RPTPMLQKQHOFFGF17CA
永和區,房地(土地+建物),新北市永和區中和路601~630號,54.27,商,,,1080622,土地1建物2車位0,二層,四層,店面(店鋪),住家用,加強磚造,590915,171.9,0,0,0,無,無,59000000,343223,,0,0,,RPUNMLRLPHOFFHF27CA
中和區,房地(土地+建物),新北市中和區員山路241~270號,35.75,住,,,1080624,土地1建物1車位0,二層，陽台,四層,公寓(5樓含以下無電梯),住家用,加強磚造,641209,86.16,2,2,1,有,無,7800000,90529,,0,0,,RPPQMLLMPHOFFHF56CA
中和區,房地(土地+建物),新北市中和區大仁街10巷9弄1~30號,28.37,住,,,1080421,土地1建物1車位0,四層,四層,公寓(5樓含以下無電梯),見其他登記事項,鋼筋混凝土造,670130,60.1,3,0,3,有,無,7500000,124792,,0,0,親友、員工或其他特殊關係間之交易。;含增建或未登記建物。;,RPPOMLMLQHOFFHF09CA
板橋區,房地(土地+建物),新北市板橋區民權路202巷21弄1~30號,27,住,,,1080516,土地1建物1車位0,二層，陽台,四層,公寓(5樓含以下無電梯),住家用,鋼筋混凝土造,620512,89.32,3,2,1,有,無,10800000,120914,,0,0,含增建或未登記建物。權利人共2人。,RPRPMLLJQHOFFAF48DA
新店區,房地(土地+建物),新北市新店區中央四街91~120號,32.34,住,,,1080625,土地1建物1車位0,二層,四層,公寓(5樓含以下無電梯),住家用,鋼筋混凝土造,671202,100.45,3,2,2,有,無,11700000,116476,,0,0,含增建或未登記建物。,RPQNMLQLPHOFFCF98DA
新店區,房地(土地+建物),新北市新店區寶元路二段38巷1~30號,34.58,住,,,1080610,土地2建物1車位0,二層,四層,公寓(5樓含以下無電梯),住家用,鋼筋混凝土造,660905,63.2,3,2,1,有,無,8660000,137025,,0,0,含增建或未登記建物。,RPPNMLSLPHOFFCF09DA
板橋區,房地(土地+建物),新北市板橋區民治街71巷31~60號,27.25,住,,,1080626,土地1建物1車位0,二層，陽台,四層,公寓(5樓含以下無電梯),住家用,加強磚造,,92.82,8,0,8,有,無,10200000,109890,,0,0,,RPTPMLMJRHOFFAF98EA
板橋區,房地(土地+建物),新北市板橋區雙十路二段33巷61~90號,35.75,住,,,1080715,土地1建物1車位0,一層,四層,公寓(5樓含以下無電梯),住家用,加強磚造,,72.92,3,1,1,有,無,12000000,164564,,0,0,,RPQOMLPLPHOFFAF88EA
新莊區,房地(土地+建物),新北市新莊區復興路一段65巷1~30號,24.37,住,,,1080630,土地1建物1車位0,一層，平台,四層,公寓(5樓含以下無電梯),住家用,加強磚造,640620,82.72,4,1,1,有,無,3387777,40955,,0,0,親友、員工或其他特殊關係間之交易。;,RPVPMLOLPHOFFBF86EA
中和區,房地(土地+建物),新北市中和區景新街285巷1~30號,29.83,住,,,1080623,土地1建物1車位0,二層，陽台,四層,公寓(5樓含以下無電梯),住家用,鋼筋混凝土造,660903,77.98,3,2,1,有,無,8400000,107720,,0,0,,RPQNMLRLPHOFFHF96DA
汐止區,房地(土地+建物)+車位,新北市汐止區水源路二段283巷1~30號,79.44,,山坡地保育區,丙種建築用地,1080326,土地1建物1車位1,一層，二層，三層，四層,四層,透天厝,見其他登記事項,鋼筋混凝土造,1020121,220.05,4,2,4,有,有,20000000,90888,坡道平面,14.99,0,,RPTOMLQLPHOFFDF86DA
鶯歌區,房地(土地+建物),新北市鶯歌區鳳吉二街121~150號,24.91,住,,,1080628,土地1建物1車位0,三層，陽台,四層,公寓(5樓含以下無電梯),住家用,鋼筋混凝土造,,77.81,3,1,1,有,無,3000000,38555,,0,0,,RPTUMLMJQHOFFIF37CA
樹林區,房地(土地+建物),新北市樹林區文德街3巷1~30號,16.12,住,,,1080530,土地1建物1車位0,三層,四層,公寓(5樓含以下無電梯),住家用,鋼筋混凝土造,660505,49.5,2,1,1,有,無,4100000,82828,,0,0,,RPTOMLQLPHOFFIF27CA
樹林區,房地(土地+建物),新北市樹林區啟智街173巷1~30號,125.75,住,,,1080501,土地2建物1車位0,二層，陽台,四層,公寓(5樓含以下無電梯),住家用,鋼筋混凝土造,690129,92.89,3,2,1,有,無,7100000,76434,,0,0,,RPOPMLPLPHOFFIF76CA
中和區,房地(土地+建物),新北市中和區仁愛街1~30號,20.25,住,,,1080710,土地1建物1車位0,二層,四層,公寓(5樓含以下無電梯),住家用,加強磚造,580310,64.54,3,3,3,有,無,8100000,125504,,0,0,含增建或未登記建物。;,RPQNMLSLPHOFFHF96CA
永和區,房地(土地+建物),新北市永和區永亨路146巷1~30號,27.14,住,,,1080629,土地1建物1車位0,二層,四層,公寓(5樓含以下無電梯),住家用,見其他登記事項,630615,80.26,3,2,1,有,無,8400000,104660,,0,0,含增建或未登記建物。;,RPPNMLTLPHOFFHF96CA
中和區,房地(土地+建物),新北市中和區秀朗路三段128巷9弄1~30號,43.35,住,,,1080614,土地1建物1車位0,三層,四層,公寓(5樓含以下無電梯),住家用,鋼筋混凝土造,661115,111,3,2,2,有,無,10750000,96847,,0,0,含增建或未登記建物。;,RPVNMLQLPHOFFHF27CA
三重區,房地(土地+建物),新北市三重區仁愛街600巷2弄1~30號,20,商,,,1080615,土地1建物1車位0,三層，陽台,四層,公寓(5樓含以下無電梯),住家用,加強磚造,650703,67,3,2,1,有,無,5600000,83582,,0,0,含增建或未登記建物。;,RPPNMLNLQHOFFGF98CA
蘆洲區,房地(土地+建物),新北市蘆洲區光華路41巷1~30號,43.42,住,,,1080616,土地1建物1車位0,二層，陽台,四層,公寓(5樓含以下無電梯),住家用,鋼筋混凝土造,661221,80,2,2,2,有,無,8000000,100000,,0,0,含增建或未登記建物。;,RPTPMLLJQHOFFGF56CA
三重區,房地(土地+建物),新北市三重區五華街71巷61~90號,19.75,住,,,1080702,土地1建物1車位0,四層，陽台,四層,公寓(5樓含以下無電梯),住家用,加強磚造,650714,67,2,1,1,有,無,2550000,38060,,0,0,親友、員工或其他特殊關係間之交易。;,RPXOMLQLPHOFFGF47CA
三重區,房地(土地+建物),新北市三重區大同南路161巷1~30號,20.08,住,,,1080624,土地1建物1車位0,四層,四層,公寓(5樓含以下無電梯),住家用,鋼筋混凝土造,620117,56.44,4,2,4,有,無,5400000,95677,,0,0,含增建或未登記建物。;,RPTPMLQLPHOFFGF17CA
淡水區,房地(土地+建物),新北市淡水區新春街61巷1~30號,32.37,住,,,1080629,土地2建物1車位0,四層，陽台,四層,公寓(5樓含以下無電梯),住家用,鋼筋混凝土造,690726,84.67,3,2,2,有,無,3700000,43699,,0,0,,RPUPMLLJQHOFFEF09CA
新店區,房地(土地+建物),新北市新店區德正街27巷29弄91~120號,32.66,住,,,1080623,土地1建物1車位0,一層,四層,公寓(5樓含以下無電梯),住家用,鋼筋混凝土造,670707,87.91,3,2,2,有,無,14000000,159254,,0,0,含增建或未登記建物。;,RPRNMLQLPHOFFCF98CA
新莊區,房地(土地+建物),新北市新莊區中正路334巷25弄1~30號,21.12,住,,,1080711,土地2建物1車位0,四層，陽台,四層,公寓(5樓含以下無電梯),住家用,鋼筋混凝土造,650612,72.28,2,2,2,有,無,6800000,94079,,0,0,增建或占用範圍:前陽台外推,RPUOMLKMPHOFFBF78CA
新莊區,房地(土地+建物),新北市新莊區新泰路225巷31~60號,36.64,住,,,1080708,土地3建物1車位0,一層，平台,四層,公寓(5樓含以下無電梯),住家用,加強磚造,630722,103.37,3,2,2,有,無,15600000,150914,,0,0,,RPSOMLTLPHOFFBF76CA
板橋區,房地(土地+建物),新北市板橋區裕民街76巷1~30號,21.8,住,,,1080529,土地1建物1車位0,四層，陽台,四層,公寓(5樓含以下無電梯),住家用,加強磚造,,79.3,3,1,1,有,無,4200000,52963,,0,0,親友、員工或其他特殊關係間之交易。;父子二親等間不動產買賣,RPWOMLMJQHOFFAF88CA
板橋區,房地(土地+建物),新北市板橋區四川路一段181~210號,25.75,住,,,1080610,土地1建物1車位0,四層,四層,公寓(5樓含以下無電梯),住家用,加強磚造,600909,78.87,3,2,2,有,無,6100000,77342,,0,0,親友、員工或其他特殊關係間之交易。;,RPQQMLKMPHOFFAF48CA
板橋區,房地(土地+建物),新北市板橋區信義路150巷1~30號,22.5,住,,,1080626,土地1建物1車位0,四層,四層,公寓(5樓含以下無電梯),住家用,鋼筋混凝土造,670317,81.85,2,1,1,有,無,6800000,83079,,0,0,,RPPOMLPLPHOFFAF58CA
板橋區,房地(土地+建物),新北市板橋區中正路326巷4弄1~30號,36.25,住,,,1080709,土地1建物1車位0,四層,四層,公寓(5樓含以下無電梯),住家用,加強磚造,650527,105.13,3,2,2,有,無,9000000,85608,,0,0,,RPPQMLPLPHOFFAF78CA
板橋區,房地(土地+建物),新北市板橋區大觀路二段3巷31~60號,19.02,住,,,1080513,土地1建物1車位0,四層,四層,公寓(5樓含以下無電梯),住家用,加強磚造,,57.92,4,3,2,有,無,4500000,77693,,0,0,含增建或未登記建物。;有滲漏水現象，買方自行修繕。,RPWNMLQLPHOFFAF66CA
板橋區,房地(土地+建物),新北市板橋區三民路二段153巷5弄1~30號,12.5,住,,,1080708,土地1建物1車位0,三層,四層,公寓(5樓含以下無電梯),住家用,鋼筋混凝土造,641015,48.73,3,1,1,有,無,5300000,108763,,0,0,含增建或未登記建物。,RPTNMLTLPHOFFAF66CA
板橋區,房地(土地+建物),新北市板橋區雙十路二段47巷4弄1~30號,28.25,住,,,1071213,土地1建物1車位0,二層,四層,公寓(5樓含以下無電梯),住家用,加強磚造,,76.28,3,2,2,有,無,8600000,112743,,0,0,含增建或未登記建物。;,RPVNMLKMPHOFFAF68CA
泰山區,房地(土地+建物),新北市泰山區明志路一段362巷1~30號,32.56,住,,,1080613,土地1建物1車位0,四層，陽台,四層,公寓(5樓含以下無電梯),住家用,鋼筋混凝土造,690118,84.5,2,2,1,有,無,4700000,55621,,0,0,增建或占用範圍:鋁窗外推,RPQOMLKMPHOFFBF38CA
新莊區,房地(土地+建物),新北市新莊區自強街1~30號,20.02,住,,,1080606,土地1建物1車位0,四層，陽台,四層,公寓(5樓含以下無電梯),住家用,加強磚造,651013,74.4,3,2,1,有,無,5500000,73925,,0,0,親友、員工或其他特殊關係間之交易。;含增建或未登記建物。;,RPRNMLPJQHOFFBF68CA
新店區,房地(土地+建物)+車位,新北市新店區安祥路152巷2弄1~30號,316.6,,山坡地保育區,丙種建築用地,1070803,土地10建物1車位1,一層，二層，三層，四層,四層,透天厝,見其他登記事項,見其他登記事項,1071121,248.39,3,2,3,有,有,19800000,84147,坡道平面,33.28,1700000,,RPOOMLMKQHOFFCF38CA
萬里區,房地(土地+建物),新北市萬里區仁五街1~30號,30.27,,鄉村區,乙種建築用地,1080716,土地1建物1車位0,三層,四層,公寓(5樓含以下無電梯),住家用,鋼筋混凝土造,690627,107.54,3,2,1,有,無,1800000,16738,,0,0,親友、員工或其他特殊關係間之交易。;,RPPPMLNLQHOFFDF88CA
蘆洲區,房地(土地+建物),新北市蘆洲區成功路49巷1~30號,26.89,住,,,1080620,土地1建物1車位0,二層，陽台,四層,公寓(5樓含以下無電梯),住家用,鋼筋混凝土造,670318,82,2,1,1,有,無,6500000,79268,,0,0,,RPQOMLTLPHOFFGF07CA
三重區,房地(土地+建物),新北市三重區慈愛街91~120號,30,住,,,1080702,土地1建物1車位0,一層，平台，騎樓,四層,店面(店鋪),見其他登記事項,鋼筋混凝土造,681127,85,0,0,0,無,無,17000000,200000,,0,0,含增建或未登記建物。;,RPWOMLLJQHOFFGF76CA
三重區,房地(土地+建物),新北市三重區三和路三段167巷31~60號,22.5,住,,,1080707,土地1建物1車位0,四層，陽台,四層,公寓(5樓含以下無電梯),住家用,鋼筋混凝土造,660924,70,5,3,2,有,無,8000000,114286,,0,0,含增建或未登記建物。;,RPUPMLQKQHOFFGF27CA
永和區,房地(土地+建物),新北市永和區林森路20巷1~30號,30.75,住,,,1080630,土地1建物1車位0,三層,四層,公寓(5樓含以下無電梯),見其他登記事項,見其他登記事項,640204,81.98,3,2,1,有,無,8300000,101244,,0,0,,RPTPMLMJQHOFFHF76CA
中和區,房地(土地+建物),新北市中和區景新街467巷20弄61~90號,15.78,住,,,1080614,土地1建物1車位0,四層,四層,公寓(5樓含以下無電梯),住家用,加強磚造,611218,44.55,2,2,1,有,無,5500000,123457,,0,0,含增建或未登記建物。;,RPPNMLSJQHOFFHF76CA
中和區,房地(土地+建物),新北市中和區秀朗路三段128巷17弄1~30號,24.56,住,,,1080604,土地1建物1車位0,一層,四層,公寓(5樓含以下無電梯),見其他登記事項,見其他登記事項,670107,64.81,3,2,1,有,無,11040000,170344,,0,0,含增建或未登記建物。;,RPWOMLOJQHOFFHF17CA
樹林區,房地(土地+建物),新北市樹林區保安二街40巷1~30號,31.32,住,,,1080620,土地1建物1車位0,二層，陽台,四層,公寓(5樓含以下無電梯),住家用,鋼筋混凝土造,,94.02,3,2,1,有,無,7980000,84876,,0,0,陽台外推,RPWOMLKMPHOFFIF07CA
樹林區,房地(土地+建物),新北市樹林區龍興街13巷31~60號,30.3,住,,,1080615,土地1建物1車位0,四層，陽台,四層,公寓(5樓含以下無電梯),住家用,鋼筋混凝土造,650218,86.32,7,7,7,有,無,6300000,72984,,0,0,含頂樓增建。隔間套房。,RPTPMLPJQHOFFIF17CA
板橋區,房地(土地+建物),新北市板橋區四維路269巷1~30號,31,住,,,1080615,土地1建物1車位0,四層，陽台,四層,公寓(5樓含以下無電梯),住家用,鋼筋混凝土造,,83.13,3,2,1,有,無,8000000,96235,,0,0,含增建或未登記建物。,RPQNOLKMPHOFFAF48DA
鶯歌區,房地(土地+建物),新北市鶯歌區德昌街197巷1~30號,132.21,住,,,1080715,土地4建物1車位0,一層，二層，三層，四層,四層,透天厝,見其他登記事項,鋼筋混凝土造,1011113,299.54,4,2,2,有,有,22500000,75115,,0,0,土地及建物分次登記案件。前案土地登記收件字號：;,RPSOMLQLPHOFFIF37EA
中和區,房地(土地+建物),新北市中和區員山路361~390號,99.22,住,,,1080516,土地1建物1車位0,一層，二層，三層，四層,四層,透天厝,住商用,加強磚造,580402,193.2,3,2,2,有,無,16000000,82816,,0,0,親友、員工或其他特殊關係間之交易。;,RPQNMLKMPHOFFHF09EA
淡水區,房地(土地+建物),新北市淡水區學府路102巷1~30號,35.57,住,,,1080709,土地1建物1車位0,三層，陽台,四層,公寓(5樓含以下無電梯),住家用,鋼筋混凝土造,690711,90.9,3,1,1,有,無,4200000,46205,,0,0,,RPUOMLMJQHOFFEF66EA
鶯歌區,房地(土地+建物)+車位,新北市鶯歌區永和街91~120號,119.92,住,,,1080626,土地1建物1車位2,一層，二層，三層，四層,四層,透天厝,見其他登記事項,鋼筋混凝土造,1060526,375.91,5,4,4,有,有,31270000,83185,坡道平面,54.68,0,,RPVPMLLMPHOFFIF17CA
永和區,房地(土地+建物),新北市永和區永利路211~240號,21.35,住,,,1080620,土地2建物1車位0,四層,四層,公寓(5樓含以下無電梯),住家用,加強磚造,631228,51.89,3,2,2,有,無,2890000,55695,,0,0,親友、員工或其他特殊關係間之交易。;二親等買賣。,RPSOMLMJQHOFFHF56CA
三重區,房地(土地+建物),新北市三重區三和路三段151巷31~60號,25.25,住,,,1080622,土地1建物1車位0,四層，陽台,四層,公寓(5樓含以下無電梯),住家用,鋼筋混凝土造,660423,69,3,2,1,有,無,7000000,101449,,0,0,04.含增建或未登記建物。,RPOSMLPJQHOFFGF76CA
三重區,房地(土地+建物),新北市三重區溪尾街5巷1~30號,22,住,,,1080629,土地1建物1車位0,三層，陽台,四層,公寓(5樓含以下無電梯),住家用,鋼筋混凝土造,670401,83,3,2,2,有,無,7950000,95783,,0,0,含增建或未登記建物。;,RPOOMLKMPHOFFGF68CA
淡水區,房地(土地+建物),新北市淡水區新民街76巷1~30號,29.44,住,,,1080617,土地2建物1車位0,二層，陽台,四層,公寓(5樓含以下無電梯),住家用,鋼筋混凝土造,691009,89.42,3,2,1,有,無,4600000,51443,,0,0,,RPRNMLMLQHOFFEF88CA
新莊區,房地(土地+建物)+車位,新北市新莊區瓊林南路91~120號,98.28,工,,,1080703,土地1建物1車位2,一層，二層，三層，四層,四層,透天厝,見其他登記事項,鋼筋混凝土造,981119,370.89,3,4,4,有,有,24500000,66057,坡道平面,0,0,,RPVPMLSJQHOFFBF96CA
新莊區,房地(土地+建物),新北市新莊區新興街43巷1~30號,31.59,住,,,1080621,土地1建物1車位0,三層，陽台,四層,公寓(5樓含以下無電梯),住家用,加強磚造,630815,78.43,3,2,1,有,無,7000000,89252,,0,0,,RPXQMLTLPHOFFBF47CA
板橋區,房地(土地+建物),新北市板橋區國泰街61~90號,3.69,商,,,1080703,土地1建物1車位0,二層,四層,公寓(5樓含以下無電梯),住家用,加強磚造,640328,14.52,1,0,1,有,無,1700000,117080,,0,0,親友、員工或其他特殊關係間之交易。;,RPOPMLLMPHOFFAF28CA
板橋區,房地(土地+建物),新北市板橋區銘傳街1~30號,22.5,住,,,1080629,土地1建物1車位0,三層,四層,公寓(5樓含以下無電梯),住家用,加強磚造,,58.37,2,1,1,有,無,6500000,111359,,0,0,含增建或未登記建物。,RPUPMLKMPHOFFAF78CA
板橋區,房地(土地+建物),新北市板橋區復興街31~60號,21.5,住,,,1080628,土地1建物1車位0,四層，平台,四層,公寓(5樓含以下無電梯),住家用,加強磚造,620727,73.56,2,2,1,有,無,7580000,103045,,0,0,含增建或未登記建物。,RPQQMLTLPHOFFAF66CA
土城區,房地(土地+建物),新北市土城區中央路一段262巷31~60號,23.76,住,,,1080705,土地1建物1車位0,三層，陽台,四層,公寓(5樓含以下無電梯),住家用,鋼筋混凝土造,680412,76.79,3,2,1,有,無,7050000,91809,,0,0,,RPVOMLTLPHOFFAF96CA
土城區,房地(土地+建物),新北市土城區中央路二段316巷1弄1~30號,28.19,住,,,1080707,土地1建物1車位0,四層，陽台,四層,公寓(5樓含以下無電梯),住家用,鋼筋混凝土造,,74.63,3,2,1,有,無,6680000,89508,,0,0,含增建或未登記建物。,RPQNMLKMPHOFFAF18CA
土城區,房地(土地+建物),新北市土城區延壽路113巷1~30號,21.82,住,,,1080618,土地1建物1車位0,二層，陽台,四層,公寓(5樓含以下無電梯),住家用,鋼筋混凝土造,671107,64.66,2,1,1,有,無,5680000,87844,,0,0,含增建或未登記建物。權利人地址有難字。,RPPPMLLMPHOFFAF38CA
板橋區,房地(土地+建物),新北市板橋區松江街31~60號,26.75,住,,,1080711,土地2建物1車位0,三層,四層,公寓(5樓含以下無電梯),住家用,加強磚造,,81.48,3,2,1,有,無,7600000,93274,,0,0,親友、員工或其他特殊關係間之交易。;,RPQPMLLMPHOFFAF48CA
土城區,房地(土地+建物),新北市土城區中央路一段249巷10弄1~30號,32.93,住,,,1080620,土地1建物1車位0,四層，陽台,四層,公寓(5樓含以下無電梯),住家用,鋼筋混凝土造,680210,100.52,5,2,2,有,無,10500000,104457,,0,0,含增建或未登記建物。;,RPOQMLPJQHOFFAF58CA
板橋區,房地(土地+建物),新北市板橋區大同街26巷1~30號,23.25,住,,,1080702,土地1建物1車位0,三層，陽台,四層,公寓(5樓含以下無電梯),住家用,鋼筋混凝土造,,67.31,3,2,1,有,無,6500000,96568,,0,0,,RPSOMLSJQHOFFAF09CA
板橋區,房地(土地+建物),新北市板橋區大智街71巷22弄31~60號,21.25,住,,,1080618,土地1建物1車位0,三層,四層,公寓(5樓含以下無電梯),住家用,鋼筋混凝土造,640606,61.6,2,1,1,有,無,6400000,103896,,0,0,,RPQOMLOKQHOFFAF58CA
板橋區,房地(土地+建物),新北市板橋區光武街1~30號,31.25,住,,,1080629,土地1建物1車位0,二層,四層,公寓(5樓含以下無電梯),住家用,加強磚造,,85.41,4,2,1,有,無,10800000,126449,,0,0,含增建或未登記建物。;,RPTQMLMKQHOFFAF88CA
三重區,房地(土地+建物),新北市三重區仁愛街600巷1~30號,17.75,商,,,1080710,土地1建物1車位0,二層，陽台,四層,公寓(5樓含以下無電梯),住家用,加強磚造,630412,68.99,2,2,1,有,無,6750000,97840,,0,0,增建或占用範圍:陽台外推,RPTNMLLMPHOFFGF56CA
三重區,房地(土地+建物),新北市三重區仁愛街331~360號,25.75,商,,,1080605,土地1建物1車位0,四層,四層,公寓(5樓含以下無電梯),住家用,鋼筋混凝土造,680112,73,3,0,3,有,無,8000000,109589,,0,0,含增建或未登記建物。;,RPXQMLLMPHOFFGF27CA
三重區,房地(土地+建物),新北市三重區三和路四段20巷61~90號,24.75,住,,,1080702,土地1建物1車位0,四層,四層,公寓(5樓含以下無電梯),住家用,加強磚造,600516,87.13,6,3,2,有,無,7950000,91243,,0,0,,RPWOMLLMPHOFFGF96CA
中和區,房地(土地+建物),新北市中和區景平路493巷12弄1~30號,49.79,住,,,1060916,土地6建物1車位0,一層，平台,四層,公寓(5樓含以下無電梯),住家用,鋼筋混凝土造,661219,74.76,4,1,1,有,無,9000000,120385,,0,0,親友、員工或其他特殊關係間之交易。;含增建或未登記建物。;本案為賣方以土地法34-1條多數決出賣,RPTSMLRLQHOFFHF77CA
土城區,房地(土地+建物),新北市土城區青雲路411巷12弄1~30號,13.56,住,,,1080629,土地2建物1車位0,三層，陽台,四層,公寓(5樓含以下無電梯),住家用,鋼筋混凝土造,681026,42.98,3,1,1,有,無,2370000,55142,,0,0,親友、員工或其他特殊關係間之交易。;,RPTNMLNJRHOFFAF88EA
中和區,房地(土地+建物),新北市中和區華福街42巷1弄1~30號,21.5,住,,,1080606,土地1建物1車位0,三層，陽台,四層,公寓(5樓含以下無電梯),住家用,鋼筋混凝土造,670421,78.86,3,2,1,有,無,8350000,105884,,0,0,含增建或未登記建物。權利人共計二人。,RPTQMLKMPHOFFHF96DA
三重區,房地(土地+建物),新北市三重區忠孝路一段21巷18弄1~30號,23.25,住,,,1080629,土地1建物1車位0,二層，陽台,四層,公寓(5樓含以下無電梯),住家用,鋼筋混凝土造,650116,76.96,3,2,1,有,無,7150000,92905,,0,0,含增建或未登記建物。,RPSOMLLJQHOFFGF09DA
新店區,房地(土地+建物),新北市新店區大同街1~30號,30.53,住,,,1080622,土地1建物1車位0,一層,四層,公寓(5樓含以下無電梯),住家用,鋼筋混凝土造,690620,56.02,3,2,1,有,無,12000000,214209,,0,0,含增建或未登記建物。,RPPOMLRJQHOFFCF98DA
樹林區,房地(土地+建物),新北市樹林區文化街25巷1弄1~30號,32.75,住,,,1080607,土地1建物1車位0,三層,四層,公寓(5樓含以下無電梯),住家用,鋼筋混凝土造,,87.11,3,2,1,有,無,6200000,71174,,0,0,含增建或未登記建物。;增建為未登記之防空避難室權利人共計2人,RPROMLLJQHOFFIF09CA
永和區,房地(土地+建物),新北市永和區成功路一段121~150號,20.99,住,,,1080607,土地2建物1車位0,二層,四層,公寓(5樓含以下無電梯),住家用,加強磚造,650127,67.28,3,2,1,有,無,6340000,94233,,0,0,含增建或未登記建物。;,RPUSMLPJQHOFFHF47CA
中和區,房地(土地+建物),新北市中和區自立路31~60號,24.11,住,,,1080621,土地1建物1車位0,三層，陽台,四層,公寓(5樓含以下無電梯),住家用,鋼筋混凝土造,670915,82.69,3,1,1,有,無,4350000,52606,,0,0,親友、員工或其他特殊關係間之交易。;,RPQPMLLMPHOFFHF56CA
中和區,房地(土地+建物),新北市中和區大仁街10巷9弄31~60號,27.86,住,,,1080625,土地1建物1車位0,二層,四層,公寓(5樓含以下無電梯),住家用,鋼筋混凝土造,661022,69.51,3,1,1,有,無,7200000,103582,,0,0,,RPSPMLLMPHOFFHF76CA
三重區,房地(土地+建物),新北市三重區三和路四段396巷1~30號,26.25,住,,,1080619,土地1建物1車位0,三層，陽台,四層,公寓(5樓含以下無電梯),住家用,鋼筋混凝土造,661219,83,2,2,1,有,無,7800000,93976,,0,0,含增建或未登記建物。;,RPRNMLPKQHOFFGF66CA
金山區,房地(土地+建物),新北市金山區信義路64巷1~30號,67.75,住,,,1080330,土地1建物1車位0,一層，二層，三層，四層,四層,透天厝,住家用,鋼筋混凝土造,840505,169.64,3,2,2,有,無,5800000,34190,,0,0,,RPPNMLQJQHOFFDF78CA
新店區,房地(土地+建物),新北市新店區寶興路31~60號,43.8,工,,,1080625,土地1建物1車位0,三層,四層,公寓(5樓含以下無電梯),工業用,鋼筋混凝土造,700829,81.84,4,0,4,有,有,8000000,97752,,0,0,,RPXOMLMJQHOFFCF56CA
新店區,房地(土地+建物),新北市新店區中正路301~330號,24.61,住,,,1080707,土地1建物1車位0,三層,四層,公寓(5樓含以下無電梯),住家用,鋼筋混凝土造,,75.4,2,2,1,有,無,8600000,114058,,0,0,含增建或未登記建物。;,RPVNMLLJQHOFFCF78CA
新莊區,房地(土地+建物)+車位,新北市新莊區新樹路511~540號,48.34,工,,,1080722,土地1建物1車位3,一層，二層，三層，四層,四層,透天厝,見其他登記事項,鋼筋混凝土造,981117,199.739999999999,6,2,4,有,有,15000000,75098,坡道平面,0,0,親友、員工或其他特殊關係間之交易。;,RPXRMLQJQHOFFBF17CA
板橋區,房地(土地+建物),新北市板橋區海山路31~60號,27,住,,,1080618,土地1建物1車位0,一層，騎樓,四層,公寓(5樓含以下無電梯),見使用執照,鋼筋混凝土加強磚造,790411,80.97,3,1,1,有,無,18500000,228480,,0,0,騎樓外推,RPSNMLMJQHOFFAF38CA
板橋區,房地(土地+建物),新北市板橋區雙十路二段33巷31~60號,43.25,住,,,1080702,土地3建物1車位0,二層,四層,公寓(5樓含以下無電梯),住家用,加強磚造,,71.44,0,1,1,有,無,8500000,118981,,0,0,含增建或未登記建物。,RPRNOLLMPHOFFAF58CA
板橋區,房地(土地+建物),新北市板橋區大觀路二段37巷151~180號,22.71,住,,,1080524,土地1建物1車位0,四層,四層,公寓(5樓含以下無電梯),住家用,加強磚造,,70.65,3,2,1,有,無,6100000,86341,,0,0,含頂樓增建及陽台外推。,RPXNMLSKPHOFFAF86CA
新莊區,房地(土地+建物),新北市新莊區民樂街65巷1~30號,33.15,住,,,1080526,土地1建物1車位0,二層，陽台,四層,公寓(5樓含以下無電梯),住家用,鋼筋混凝土造,660818,86.15,3,2,1,有,無,7300000,84736,,0,0,,RPPNNLSKPHOFFBF88CA
新店區,房地(土地+建物),新北市新店區光華街5巷31~60號,37.74,住,,,1080625,土地1建物1車位0,三層,四層,公寓(5樓含以下無電梯),住家用,鋼筋混凝土造,680515,81.74,2,2,1,有,無,5400000,66063,,0,0,親友、員工或其他特殊關係間之交易。;,RPRNMLPKPHOFFCF78CA
新店區,房地(土地+建物),新北市新店區中華路54巷1~30號,20.36,住,,,1080618,土地2建物1車位0,三層,四層,公寓(5樓含以下無電梯),住家用,加強磚造,,69.24,2,2,1,有,無,9880000,142692,,0,0,含增建或未登記建物。;,RPXOMLRKPHOFFCF07CA
汐止區,房地(土地+建物),新北市汐止區忠孝東路301~330號,23,住,,,1080605,土地1建物1車位0,三層,四層,公寓(5樓含以下無電梯),住家用,鋼筋混凝土造,680807,81.51,2,2,1,有,無,7000000,85879,,0,0,含增建或未登記建物。;,RPPPMLMKPHOFFDF58CA
汐止區,房地(土地+建物),新北市汐止區新興路1~30號,34.25,商,,,1080618,土地2建物1車位0,三層,四層,公寓(5樓含以下無電梯),住家用,鋼筋混凝土造,,116.29,3,2,2,有,無,8200000,70513,,0,0,,RPSQMLQKPHOFFDF76CA
淡水區,房地(土地+建物)+車位,新北市淡水區中正路二段1~30號,96.46,住,,,1080620,土地1建物1車位1,一層，二層，三層，四層,四層,透天厝,住家用,鋼筋混凝土造,971219,251.99,3,3,3,有,有,17000000,67463,坡道平面,26.76,0,閣樓增建,RPSSMLNKQHOFFEF86CA
三重區,房地(土地+建物),新北市三重區大同北路34巷1~30號,17.61,住,,,1080517,土地1建物1車位0,一層,四層,公寓(5樓含以下無電梯),住家用,加強磚造,621113,40.32,2,1,1,有,無,7000000,173611,,0,0,含增建或未登記建物。;,RPQQMLLKPHOFFGF98CA
蘆洲區,房地(土地+建物),新北市蘆洲區和平路121巷14弄1~30號,20.74,住,,,1080615,土地1建物1車位0,三層，陽台,四層,公寓(5樓含以下無電梯),住家用,鋼筋混凝土造,680122,66,2,1,1,有,無,6300000,95455,,0,0,二等親買賣,RPRNMLMKPHOFFGF88CA
蘆洲區,房地(土地+建物),新北市蘆洲區中山一路120巷7弄1~30號,19.83,住,,,1080618,土地2建物1車位0,四層，陽台,四層,公寓(5樓含以下無電梯),住家用,加強磚造,640826,66,3,2,2,有,無,6250000,94697,,0,0,含增建或未登記建物。;,RPPRMLMKPHOFFGF09CA
三重區,房地(土地+建物),新北市三重區三和路三段167巷31~60號,22.5,住,,,1080521,土地1建物1車位0,一層，平台,四層,公寓(5樓含以下無電梯),住家用,鋼筋混凝土造,660924,69,3,1,1,有,無,11700000,169565,,0,0,含增建或未登記建物。;,RPWUMLMKPHOFFGF47CA
蘆洲區,房地(土地+建物),新北市蘆洲區光華路151~180號,41.08,住,,,1080530,土地2建物1車位0,四層，陽台,四層,公寓(5樓含以下無電梯),住家用,鋼筋混凝土造,680807,85,3,2,1,有,無,7000000,82353,,0,0,,RPSNMLQKPHOFFGF76CA
永和區,房地(土地+建物),新北市永和區保平路111巷2弄1~30號,17.55,商,,,1080605,土地1建物1車位0,一層，騎樓,四層,公寓(5樓含以下無電梯),住家用,鋼筋混凝土造,640419,43.22,3,2,2,有,無,5000000,115687,,0,0,親友、員工或其他特殊關係間之交易。;,RPTNMLQKPHOFFHF96CA
中和區,房地(土地+建物),新北市中和區景平路385巷65弄1~30號,38.27,住,,,1080603,土地1建物1車位0,二層，陽台,四層,公寓(5樓含以下無電梯),住家用,鋼筋混凝土造,691018,85.56,3,2,2,有,無,8000000,93502,,0,0,,RPQQMLQKPHOFFHF96CA
中和區,房地(土地+建物),新北市中和區大勇街25巷13弄1~30號,42.51,住,,,1080528,土地1建物1車位0,三層,四層,公寓(5樓含以下無電梯),住家用,見其他登記事項,610415,112.29,4,2,2,有,無,11380000,101345,,0,0,,RPUPMLNLPHOFFHF07CA
新店區,房地(土地+建物),新北市新店區寶元路二段18巷1~30號,43.44,住,,,1080517,土地2建物1車位0,二層,四層,公寓(5樓含以下無電梯),住家用,加強磚造,660527,76.6,3,2,1,有,無,8200000,107050,,0,0,含增建或未登記建物。,RPWNMLKLPHOFFCF98DA
中和區,房地(土地+建物),新北市中和區景新街481~510號,25.36,住,,,1080604,土地1建物1車位0,二層,四層,公寓(5樓含以下無電梯),住家用,加強磚造,621022,73.1,3,2,2,有,無,6320000,86457,,0,0,含增建或未登記建物。,RPTRMLLKPHOFFHF96DA
中和區,房地(土地+建物),新北市中和區連城路249巷30弄1~30號,26.21,住,,,1080611,土地1建物1車位0,四層，陽台,四層,公寓(5樓含以下無電梯),住家用,鋼筋混凝土造,680718,75.6,3,1,1,有,無,6000000,79365,,0,0,親友、員工或其他特殊關係間之交易。;,RPRNMLMKPHOFFHF09DA
中和區,房地(土地+建物),新北市中和區景平路64巷13弄1~30號,19.46,住,,,1080704,土地2建物1車位0,三層,四層,公寓(5樓含以下無電梯),住家用,加強磚造,650705,43.2,2,1,1,有,無,5000000,115741,,0,0,親友、員工或其他特殊關係間之交易。;,RPOOMLPKPHOFFHF66EA
板橋區,房地(土地+建物),新北市板橋區建國街54巷1~30號,25,住,,,1080530,土地1建物1車位0,一層，平台,四層,公寓(5樓含以下無電梯),住家用,加強磚造,630416,79,3,2,1,有,無,8000000,101266,,0,0,親友、員工或其他特殊關係間之交易。;,RPOOMLPKPHOFFAF58EA
三峽區,房地(土地+建物)+車位,新北市三峽區大德路61~90號,130.23,住,,,1080602,土地3建物1車位1,一層，二層，三層，四層,四層,透天厝,住家用,鋼筋混凝土造,980303,338.98,4,3,3,有,無,29100000,85846,坡道平面,16.45,0,含增建或未登記建物。,RPUPMLPKPHOFFIF37DA
永和區,房地(土地+建物),新北市永和區和平街31~60號,47.78,住,,,1080528,土地7建物1車位0,四層,四層,公寓(5樓含以下無電梯),住家用,見其他登記事項,630525,116.21,13,0,13,有,無,14200000,122193,,0,0,含增建或未登記建物,RPURMLLJQHOFFHF07DA
淡水區,房地(土地+建物)+車位,新北市淡水區淡金路16巷31~60號,108.04,住,,,1080614,土地1建物1車位2,一層，二層，三層，四層,四層,透天厝,住家用,鋼筋混凝土造,960814,266.55,7,2,4,有,有,16250000,60964,其他,27.94,0,含增建或未登記建物。權利人共二人.,RPVSMLOLPHOFFEF37DA
樹林區,房地(土地+建物),新北市樹林區三福街121巷1~30號,19.93,住,,,1080605,土地2建物1車位0,二層，陽台,四層,公寓(5樓含以下無電梯),住家用,鋼筋混凝土造,660802,71.52,3,1,1,有,無,5200000,72707,,0,0,,RPUQMLMLPHOFFIF17CA
中和區,房地(土地+建物),新北市中和區保健路10巷23弄1~30號,33.65,住,,,1080613,土地1建物1車位0,二層,四層,公寓(5樓含以下無電梯),住家用,鋼筋混凝土造,630415,84.01,3,1,1,有,無,8750000,104154,,0,0,,RPUNMLRKPHOFFHF17CA
中和區,房地(土地+建物),新北市中和區華福街31~60號,15.63,住,,,1080704,土地1建物1車位0,一層，平台，騎樓,四層,公寓(5樓含以下無電梯),住家用,加強磚造,660128,71.86,1,1,1,有,無,4600000,64013,,0,0,親友、員工或其他特殊關係間之交易。;,RPRNMLOKPHOFFHF56CA
三重區,房地(土地+建物),新北市三重區大同南路81巷1~30號,21.56,住,,,1080626,土地3建物1車位0,二層,四層,公寓(5樓含以下無電梯),住家用,鋼筋混凝土造,760122,49.17,2,1,1,有,無,4500000,91519,,0,0,,RPPOMLRJQHOFFGF66CA
三重區,房地(土地+建物),新北市三重區碧華街361~390號,24.25,住,,,1080611,土地1建物1車位0,二層，陽台,四層,公寓(5樓含以下無電梯),住家用,鋼筋混凝土造,670201,68,3,2,2,有,無,7250000,106618,,0,0,,RPSPMLSKPHOFFGF17CA
淡水區,房地(土地+建物),新北市淡水區淡金路三段46巷58弄1~30號,67.38,其他,,,1080621,土地2建物1車位0,二層,四層,公寓(5樓含以下無電梯),住家用,鋼筋混凝土造,701128,105.42,3,2,1,有,無,3500000,33201,,0,0,前陽台外推,RPSPMLRKPHOFFEF86CA
新店區,房地(土地+建物),新北市新店區三民路117巷1弄1~30號,35.85,其他,,,1080605,土地2建物1車位0,四層,四層,公寓(5樓含以下無電梯),住家用,鋼筋混凝土造,640402,98.56,3,2,1,有,無,10000000,101461,,0,0,,RPVOMLOLPHOFFCF66CA
新店區,房地(土地+建物),新北市新店區寶興路68巷1~30號,28.7,其他,,,1080609,土地1建物1車位0,二層,四層,公寓(5樓含以下無電梯),住家用,鋼筋混凝土造,671123,86.11,2,2,1,有,有,5940000,68982,,0,0,含增建或未登記建物。;,RPPNMLTKPHOFFCF98CA
新店區,房地(土地+建物),新北市新店區大新街7巷31~60號,47.38,住,,,1080611,土地8建物1車位0,四層,四層,公寓(5樓含以下無電梯),住家用,加強磚造,650521,91.13,3,2,1,有,無,11000000,120707,,0,0,含增建或未登記建物。;,RPQOMLQKPHOFFCF88CA
林口區,房地(土地+建物)+車位,新北市林口區文化一路一段100巷31~60號,148.74,住,,,1080625,土地1建物1車位5,一層，二層，三層，四層,四層,透天厝,見其他登記事項,鋼筋混凝土造,1010604,426.64,4,3,4,有,有,39500000,92584,坡道平面,83.53,0,,RPQSMLTKPHOFFBF86CA
新莊區,房地(土地+建物),新北市新莊區中港路288巷31~60號,19.63,住,,,1080518,土地1建物1車位0,一層，騎樓,四層,公寓(5樓含以下無電梯),住家用,加強磚造,640118,61.57,0,0,0,無,無,9660000,156895,,0,0,含增建或未登記建物。;,RPVTMLRKPHOFFBF27CA
板橋區,房地(土地+建物),新北市板橋區懷仁街35巷2弄1~30號,29,住,,,1080616,土地1建物1車位0,四層,四層,公寓(5樓含以下無電梯),住家用,鋼筋混凝土造,671124,85.56,3,2,1,有,無,8600000,100514,,0,0,含增建或未登記建物。;,RPSPMLSKPHOFFAF56CA
樹林區,房地(土地+建物),新北市樹林區佳園路一段75巷91~120號,85.5,住,,,1080611,土地1建物1車位0,一層，二層，三層，四層,四層,透天厝,住家用,鋼筋混凝土造,830421,184.55,6,2,4,有,有,8680000,47033,,0,0,,RPXWMLSKPHOFFIF68DA
板橋區,房地(土地+建物),新北市板橋區中正路216巷31~60號,20.25,住,,,1080614,土地1建物1車位0,四層,四層,公寓(5樓含以下無電梯),住家用,鋼筋混凝土造,630905,75,3,1,1,有,無,7200000,96000,,0,0,含增建或未登記建物。,RPPPMLPKPHOFFAF68DA
新莊區,房地(土地+建物),新北市新莊區四維路152巷31~60號,14.04,住,,,1080706,土地1建物1車位0,二層，陽台,四層,公寓(5樓含以下無電梯),住家用,鋼筋混凝土造,661109,45.26,3,2,1,有,無,3000000,66284,,0,0,親友、員工或其他特殊關係間之交易。;,RPPQMLTKPHOFFBF66DA
板橋區,房地(土地+建物),新北市板橋區南雅西路二段1~30號,34.25,住,,,1080624,土地1建物1車位0,四層,四層,公寓(5樓含以下無電梯),住家用,加強磚造,,105.12,4,2,2,有,無,6000000,57078,,0,0,親友、員工或其他特殊關係間之交易。;含增建或未登記建物。;,RPRNMLNLPHOFFAF68EA
新莊區,房地(土地+建物),新北市新莊區中正路新生巷31~60號,23.74,住,,,1080624,土地2建物1車位0,四層,四層,公寓(5樓含以下無電梯),住家用,鋼筋混凝土造,681224,81.49,3,1,1,有,無,7800000,95717,,0,0,,RPVQMLPKPHOFFBF96EA
土城區,房地(土地+建物),新北市土城區國際路31巷1~30號,13.51,住,,,1080616,土地1建物1車位0,二層，陽台,四層,公寓(5樓含以下無電梯),住家用,加強磚造,650929,48.58,1,1,1,有,無,3700000,76163,,0,0,陽台外推,RPSQMLPKPHOFFAF98CA
新莊區,房地(土地+建物),新北市新莊區新樹路241~270號,85.7,工,,,1080326,土地3建物1車位0,一層，二層，三層，四層,四層,透天厝,見其他登記事項,鋼筋混凝土造,951109,257.37,3,2,3,有,有,20000000,77709,,0,0,,RPPRMLQKPHOFFBF98CA
三重區,房地(土地+建物),新北市三重區忠孝路一段1~30號,22.5,住,,,1080618,土地1建物1車位0,四層,四層,公寓(5樓含以下無電梯),住家用,加強磚造,620209,74.93,3,2,2,有,無,8328000,111144,,0,0,含增建或未登記建物。;,RPSOMLRKPHOFFGF96CA
蘆洲區,房地(土地+建物),新北市蘆洲區中正路185巷45弄1~30號,26.33,住,,,1080613,土地1建物1車位0,三層，陽台,四層,公寓(5樓含以下無電梯),住家用,鋼筋混凝土造,690214,92,3,2,2,有,無,7830000,85109,,0,0,,RPOOMLMJQHOFFGF68CA
中和區,房地(土地+建物),新北市中和區水源路1~30號,28.02,住,,,1080620,土地1建物1車位0,三層，陽台,四層,公寓(5樓含以下無電梯),住家用,鋼筋混凝土造,670201,75.44,2,2,1,有,無,6000000,79533,,0,0,親友、員工或其他特殊關係間之交易。;,RPSPMLSKPHOFFHF27CA
蘆洲區,房地(土地+建物),新北市蘆洲區信義路59巷8弄1~30號,23.63,住,,,1080629,土地1建物1車位0,二層，陽台,四層,公寓(5樓含以下無電梯),住家用,鋼筋混凝土造,661111,72,3,2,2,有,無,6730000,93472,,0,0,,RPWOMLNLPHOFFGF07CA
三重區,房地(土地+建物),新北市三重區永安北路二段5巷31~60號,24.25,住,,,1080430,土地1建物1車位0,一層，平台,四層,公寓(5樓含以下無電梯),住家用,鋼筋混凝土造,680308,82,1,2,1,有,無,10500000,128049,,0,0,,RPWNMLQLPHOFFGF27CA
汐止區,房地(土地+建物),新北市汐止區福安街61巷1~30號,14,住,,,1080702,土地1建物1車位0,四層,四層,公寓(5樓含以下無電梯),住家用,鋼筋混凝土造,701229,42.45,3,1,1,有,無,2500000,58893,,0,0,親友、員工或其他特殊關係間之交易。;,RPWOMLPLPHOFFDF96CA
新莊區,房地(土地+建物),新北市新莊區福樂街1~30號,21.19,住,,,1080522,土地1建物1車位0,四層，陽台,四層,公寓(5樓含以下無電梯),住家用,鋼筋混凝土造,680511,67.88,2,1,1,有,無,6000000,88391,,0,0,親友、員工或其他特殊關係間之交易。,RPTPMLPJQHOFFBF09CA
泰山區,房地(土地+建物),新北市泰山區和平街1~30號,98.66,住,,,1080521,土地2建物1車位0,一層，二層，三層，四層,四層,透天厝,住家用,鋼筋混凝土造,971127,250.4,5,3,7,有,有,23880000,95367,,0,0,含增建或未登記建物。;,RPOQMLOLPHOFFBF68CA
板橋區,房地(土地+建物),新北市板橋區中正路379巷1弄1~30號,22.75,住,,,1080608,土地1建物1車位0,四層，陽台,四層,公寓(5樓含以下無電梯),住家用,加強磚造,640901,87.25,3,2,1,有,無,8580000,98338,,0,0,含增建或未登記建物。,RPWOMLQKPHOFFAF66CA
三重區,房地(土地+建物),新北市三重區仁義街178巷1~30號,33.25,住,,,1080621,土地2建物1車位0,四層，陽台,四層,公寓(5樓含以下無電梯),住家用,鋼筋混凝土造,680427,92,3,1,1,有,無,8340000,90652,,0,0,,RPRPMLLMPHOFFGF76EA
淡水區,房地(土地+建物)+車位,新北市淡水區南勢埔47巷1~30號,58.51,,山坡地保育區,丙種建築用地,1080520,土地1建物1車位1,二層,四層,公寓(5樓含以下無電梯),住家用,鋼筋混凝土造,820304,130.11,3,1,2,有,無,5200000,39966,坡道平面,23.15,0,,RPSNMLMLPHOFFEF09EA
板橋區,房地(土地+建物),新北市板橋區海山路31~60號,27,住,,,1080605,土地1建物1車位0,四層,四層,公寓(5樓含以下無電梯),住家用,鋼筋混凝土加強磚造,790411,97.45,3,2,1,有,無,10400000,106721,,0,0,"含增建屋頂突出物,撤銷原申報書序號A1FA10807190002",RPQPMLMLQHOFFAF78EA
永和區,房地(土地+建物),新北市永和區雙和街17巷1~30號,25.66,住,,,1080531,土地1建物1車位0,一層,四層,公寓(5樓含以下無電梯),住家用,加強磚造,601203,74.4,3,2,1,有,無,10500000,141129,,0,0,,RPQNMLNJPHOFFHF56CD
板橋區,房地(土地+建物),新北市板橋區金門街361~390號,43.58,住,,,1080528,土地3建物1車位0,三層，陽台,四層,公寓(5樓含以下無電梯),住家用,鋼筋混凝土造,,109.54,4,2,2,有,無,7180000,65547,,0,0,含增建或未登記建物。,RPQPMLQLPHOFFAF98DA
板橋區,房地(土地+建物),新北市板橋區三民路一段3巷1~30號,25.25,住,,,1080619,土地1建物1車位0,三層，陽台,四層,公寓(5樓含以下無電梯),住家用,加強磚造,,73.76,3,1,1,有,無,6300000,85412,,0,0,含增建或未登記建物。,RPPOMLQKPHOFFAF68DA
汐止區,房地(土地+建物)+車位,新北市汐止區伯爵街94巷1~30號,87.76,,山坡地保育區,丙種建築用地,1080601,土地1建物1車位1,一層，二層,四層,公寓(5樓含以下無電梯),住家用,鋼筋混凝土造,880430,228.23,4,2,3,有,有,16600000,72734,坡道平面,0,1300000,含增建或未登記建物。,RPQTMLMLPHOFFDF66DA
三重區,房地(土地+建物),新北市三重區大智街241~270號,24,住,,,1080610,土地1建物1車位0,二層，陽台,四層,公寓(5樓含以下無電梯),住家用,鋼筋混凝土造,631128,67.8,3,2,1,有,無,7300000,107670,,0,0,含增建或未登記建物。,RPPNMLKLPHOFFGF68DA
永和區,房地(土地+建物),新北市永和區中正路1~30號,21.02,商,,,1080528,土地1建物1車位0,四層,四層,公寓(5樓含以下無電梯),住家用,見其他登記事項,630907,58.44,5,2,3,有,無,7250000,124059,,0,0,含增建或未登記建物。,RPVNMLKLPHOFFHF76DA
新店區,房地(土地+建物),新北市新店區平等街1~30號,36.36,住,,,1080604,土地1建物1車位0,一層,四層,公寓(5樓含以下無電梯),住家用,鋼筋混凝土造,660125,93.44,5,2,2,有,無,18500000,197988,,0,0,,RPQNMLMLPHOFFCF58DA
汐止區,房地(土地+建物)+車位,新北市汐止區秀山路97巷1~30號,83.44,,山坡地保育區,丙種建築用地,1080703,土地2建物1車位1,三層，四層,四層,華廈(10層含以下有電梯),住家用,鋼筋混凝土造,850628,182.11,3,2,3,有,有,7200000,39537,坡道平面,0,0,,RPPNMLLLPHOFFDF48DA
鶯歌區,房地(土地+建物),新北市鶯歌區德昌街197巷1~30號,121.34,住,,,1080626,土地4建物1車位0,一層，二層，三層，四層,四層,透天厝,見其他登記事項,鋼筋混凝土造,1011113,275.049999999999,4,1,2,有,有,19880000,72278,,0,0,土地及建物分次登記案件。前案土地登記收件字號：;,RPVNMLMLQHOFFIF27EA
板橋區,房地(土地+建物),新北市板橋區稚暉街37巷1~30號,35.25,住,,,1080610,土地1建物1車位0,一層，平台,四層,公寓(5樓含以下無電梯),住家用,鋼筋混凝土造,,79.32,4,2,2,有,無,12860000,162128,,0,0,含增建或未登記建物。權利人姓名有難字。,RPROMLSKPHOFFAF98CA
泰山區,房地(土地+建物),新北市泰山區楓江路16巷1~30號,22.5,住,,,1080516,土地2建物1車位0,四層，陽台,四層,公寓(5樓含以下無電梯),住家用,加強磚造,641205,89.44,4,2,2,有,無,6200000,69320,,0,0,含增建或未登記建物。;瑕疵物件之交易。;,RPQPMLLMPHOFFBF58CA
金山區,房地(土地+建物),新北市金山區慈護街1~30號,30.71,商,,,1080506,土地2建物1車位0,二層,四層,公寓(5樓含以下無電梯),住家用,鋼筋混凝土造,690326,111.15,3,2,1,有,無,2980000,26811,,0,0,,RPVNMLPKQHOFFDF76CA
淡水區,房地(土地+建物),新北市淡水區新生街51巷1~30號,20.79,住,,,1080619,土地1建物1車位0,三層，走廊,四層,公寓(5樓含以下無電梯),住家用,鋼筋混凝土造,670621,72.78,3,2,2,有,無,4000000,54960,,0,0,,RPTRMLOLPHOFFEF96CA
三重區,房地(土地+建物),新北市三重區三和路三段125巷1~30號,20.5,住,,,1080619,土地1建物1車位0,三層，陽台,四層,公寓(5樓含以下無電梯),住家用,鋼筋混凝土造,661124,78,3,2,1,有,無,6000000,76923,,0,0,親友、員工或其他特殊關係間之交易。;親友間移轉,RPROMLRKPHOFFGF86CA
三重區,房地(土地+建物),新北市三重區三和路三段107巷1~30號,22,住,,,1080625,土地1建物1車位0,三層,四層,公寓(5樓含以下無電梯),住家用,加強磚造,611101,66.3,2,2,1,有,無,6250000,94268,,0,0,,RPXRMLNLPHOFFGF47CA
中和區,房地(土地+建物),新北市中和區保健路67巷1~30號,32.34,住,,,1080617,土地1建物1車位0,四層,四層,公寓(5樓含以下無電梯),住家用,鋼筋混凝土造,650514,88.68,3,2,1,有,無,9950000,112201,,0,0,,RPSNMLRKPHOFFHF96CA
中和區,房地(土地+建物),新北市中和區板南路181~210號,26.2,住,,,1080619,土地1建物1車位0,二層，陽台,四層,公寓(5樓含以下無電梯),住家用,鋼筋混凝土造,661024,94.08,2,1,1,有,無,3700000,39328,,0,0,親友、員工或其他特殊關係間之交易。;本買賣案件係屬三親等間特殊交易，其交易價格可能異於市場正常交易價格。,RPPQMLSKPHOFFHF07CA
永和區,房地(土地+建物),新北市永和區得和路45巷16弄1~30號,34.95,住,,,1080610,土地2建物1車位0,三層，陽台,四層,公寓(5樓含以下無電梯),住家用,鋼筋混凝土造,660726,94.64,3,2,1,有,無,10050000,106192,,0,0,含增建或未登記建物。;,RPSNMLSKPHOFFHF07CA
中和區,房地(土地+建物),新北市中和區中山路三段63巷11弄1~30號,20.45,住,,,1080526,土地1建物1車位0,四層，陽台,四層,公寓(5樓含以下無電梯),住家用,鋼筋混凝土造,660604,70,1,2,1,有,無,6620000,94571,,0,0,含增建或未登記建物。;,RPXPMLNLPHOFFHF37CA
中和區,房地(土地+建物),新北市中和區和平路200巷1~30號,34.73,住,,,1080528,土地1建物1車位0,一層，平台,四層,公寓(5樓含以下無電梯),住家用,鋼筋混凝土造,660430,90.15,6,0,6,有,無,15000000,166389,,0,0,含增建或未登記建物。;,RPQNMLPJQHOFFHF56CA
中和區,房地(土地+建物),新北市中和區莊敬路33巷31~60號,44.26,住,,,1080618,土地1建物1車位0,三層，陽台,四層,公寓(5樓含以下無電梯),住家用,加強磚造,650831,88.55,3,1,1,有,無,7500000,84698,,0,0,親友、員工或其他特殊關係間之交易。;,RPRNMLKMQHOFFHF09CA
鶯歌區,房地(土地+建物),新北市鶯歌區文化路541~570號,46.53,,鄉村區,乙種建築用地,1080429,土地1建物1車位0,一層，二層,四層,公寓(5樓含以下無電梯),住家用,鋼筋混凝土造,,138.52,3,2,2,有,無,7350000,53061,,0,0,,RPQPMLMLPHOFFIF66CA
鶯歌區,房地(土地+建物),新北市鶯歌區鳳吉二街121~150號,24.94,住,,,1080627,土地1建物1車位0,四層，陽台,四層,公寓(5樓含以下無電梯),住家用,鋼筋混凝土造,,77.81,3,2,1,有,無,2380000,30587,,0,0,,RPSTMLTKPHOFFIF87CA
永和區,房地(土地+建物),新北市永和區竹林路39巷6弄1~30號,35.75,住,,,1080526,土地1建物1車位0,二層,四層,公寓(5樓含以下無電梯),見其他登記事項,見其他登記事項,651206,90.82,3,2,1,有,無,11000000,121119,,0,0,,RPOPMLLMPHOFFHF98CA
永和區,房地(土地+建物),新北市永和區水源街30巷1~30號,42.7,住,,,1080622,土地1建物1車位0,三層,四層,公寓(5樓含以下無電梯),見其他登記事項,見其他登記事項,620426,103.25,3,2,2,有,無,10000000,96852,,0,0,,RPRNMLKLPHOFFHF88CA
中和區,房地(土地+建物),新北市中和區宜安路1巷30弄1~30號,31.14,住,,,1080616,土地1建物1車位0,四層,四層,公寓(5樓含以下無電梯),見其他登記事項,見其他登記事項,630810,90.44,5,0,5,有,無,13750000,152034,,0,0,有增建或佔用部分:頂樓增建目前有出租,RPSRMLTKPHOFFHF57CA
永和區,房地(土地+建物),新北市永和區竹林路201巷22弄1~30號,29,住,,,1080617,土地1建物1車位0,一層,四層,公寓(5樓含以下無電梯),住家用,加強磚造,620509,69.69,3,2,1,有,無,12500000,179366,,0,0,含增建或未登記建物。;,RPURMLTKPHOFFHF77CA
中和區,房地(土地+建物),新北市中和區秀峰街103巷1弄1~30號,28.79,住,,,1080604,土地1建物1車位0,二層，陽台,四層,公寓(5樓含以下無電梯),住家用,鋼筋混凝土造,661212,102.26,3,2,2,有,無,9100000,88989,,0,0,,RPOPMLMLPHOFFHF98CA
三重區,房地(土地+建物),新北市三重區興華街1~30號,19.8,住,,,1080627,土地1建物1車位0,一層,四層,公寓(5樓含以下無電梯),商業用,加強磚造,631102,48.06,2,1,1,有,無,7500000,156055,,0,0,,RPSOMLPLPHOFFGF86CA
蘆洲區,房地(土地+建物),新北市蘆洲區信義路241~270號,27.35,住,,,1080411,土地2建物1車位0,四層，陽台,四層,公寓(5樓含以下無電梯),住家用,鋼筋混凝土造,671220,83,4,0,4,有,無,9100000,109639,,0,0,含增建或未登記建物。;,RPVPMLLMPHOFFGF96CA
金山區,房地(土地+建物),新北市金山區信義路64巷1~30號,151.25,住,,,1080620,土地1建物1車位0,一層，二層，三層，四層,四層,透天厝,住家用,鋼筋混凝土造,840505,386.79,5,2,3,有,無,14000000,36195,,0,0,,RPQNNLNLPHOFFDF78CA
新店區,房地(土地+建物),新北市新店區二十張路33巷31~60號,35.46,住,,,1080718,土地1建物1車位0,二層,四層,公寓(5樓含以下無電梯),住家用,鋼筋混凝土造,680731,98.95,3,2,2,有,無,12000000,121273,,0,0,,RPRNMLNKQHOFFCF68CA
新店區,房地(土地+建物),新北市新店區安祥路106巷31~60號,66.59,,山坡地保育區,丙種建築用地,1080604,土地1建物1車位0,四層,四層,公寓(5樓含以下無電梯),住家用,鋼筋混凝土造,870609,80.16,1,2,1,有,有,5200000,64870,,0,0,,RPQPMLPLPHOFFCF98CA
新莊區,房地(土地+建物),新北市新莊區建中街116巷3弄1~30號,29.34,住,,,1080527,土地1建物1車位0,四層，陽台,四層,公寓(5樓含以下無電梯),住家用,鋼筋混凝土造,650612,97.64,3,1,1,有,無,4520000,46293,,0,0,親友、員工或其他特殊關係間之交易。;,RPUOMLNLPHOFFBF98CA
中和區,房地(土地+建物),新北市中和區忠孝街11巷31~60號,28.47,住,,,1080616,土地4建物1車位0,二層，陽台,四層,公寓(5樓含以下無電梯),住家用,加強磚造,600110,77.98,3,1,1,有,無,7680000,98487,,0,0,,RPSQMLTKPHOFFHF67EA
板橋區,房地(土地+建物),新北市板橋區復興街61~90號,21.5,住,,,1080531,土地1建物1車位0,四層，陽台,四層,公寓(5樓含以下無電梯),住家用,加強磚造,620727,73.56,3,2,1,有,無,7000000,95160,,0,0,親友、員工或其他特殊關係間之交易。;,RPWRMLOLPHOFFAF07EA
五股區,房地(土地+建物),新北市五股區成泰路三段331~360號,25.85,住,,,1080630,土地1建物1車位0,四層，陽台,四層,公寓(5樓含以下無電梯),住家用,鋼筋混凝土造,680629,88.99,0,2,1,有,無,4000000,44949,,0,0,含增建或未登記建物。;,RPSQMLMLPHOFFBF98DA
永和區,房地(土地+建物),新北市永和區文化路135巷22弄1~30號,31.75,住,,,1080601,土地1建物1車位0,四層,四層,公寓(5樓含以下無電梯),住家用,鋼筋混凝土造,620427,87.47,3,2,2,有,無,9200000,105179,,0,0,含增建或未登記建物。,RPXNMLKLPHOFFHF96DA
貢寮區,房地(土地+建物),新北市貢寮區仁愛路121~150號,67.32,住,,,1080409,土地1建物1車位0,一層，二層，三層，四層,四層,透天厝,住商用,鋼筋混凝土造,840104,199.92,4,2,3,有,無,2600000,13005,,0,0,,RPTNMLSJQHOFFFF07DA
汐止區,房地(土地+建物),新北市汐止區汐萬路二段211~240號,34.96,,山坡地保育區,丙種建築用地,1080409,土地1建物1車位0,一層,四層,店面(店鋪),住家用,鋼筋混凝土造,710828,83.7,2,1,1,有,無,4500000,53763,,0,0,,RPUPMLQJQHOFFDF96DA
汐止區,房地(土地+建物),新北市汐止區汐萬路二段211~240號,34.96,,山坡地保育區,丙種建築用地,1080409,土地1建物1車位0,二層,四層,公寓(5樓含以下無電梯),住家用,鋼筋混凝土造,710828,83.7,3,1,1,有,無,2100000,25090,,0,0,,RPOQMLQJQHOFFDF09DA
汐止區,房地(土地+建物),新北市汐止區汐萬路二段211~240號,34.96,,山坡地保育區,丙種建築用地,1080409,土地1建物1車位0,三層,四層,公寓(5樓含以下無電梯),住家用,鋼筋混凝土造,710828,83.7,3,1,1,有,無,2000000,23895,,0,0,,RPRQMLQJQHOFFDF76DA
汐止區,房地(土地+建物),新北市汐止區汐萬路二段211~240號,34.96,,山坡地保育區,丙種建築用地,1080409,土地1建物1車位0,四層,四層,公寓(5樓含以下無電梯),住家用,鋼筋混凝土造,710828,83.7,3,1,1,有,無,1900000,22700,,0,0,,RPTQMLQJQHOFFDF96DA
板橋區,房地(土地+建物),新北市板橋區金門街109巷1~30號,27.26,住,,,1080630,土地1建物1車位0,二層，陽台,四層,公寓(5樓含以下無電梯),住家用,鋼筋混凝土造,,83.27,3,2,1,有,無,7100000,85265,,0,0,含增建或未登記建物。,RPQRMLTKPHOFFAF76DA
汐止區,房地(土地+建物),新北市汐止區合順街31~60號,27.3,,鄉村區,乙種建築用地,1080625,土地5建物1車位0,三層,四層,公寓(5樓含以下無電梯),住家用,鋼筋混凝土造,690117,92.32,3,2,1,有,無,7800000,84489,,0,0,,RPSNMLMLPHOFFDF98EA
板橋區,房地(土地+建物),新北市板橋區幸福路70巷1~30號,26,住,,,1080621,土地1建物1車位0,一層,四層,公寓(5樓含以下無電梯),住家用,加強磚造,,66.96,3,2,2,有,無,13500000,201613,,0,0,防火巷增建,RPTPMLMLPHOFFAF78CA
土城區,房地(土地+建物),新北市土城區裕生路67巷8弄1~30號,28.42,住,,,1080526,土地1建物1車位0,二層，陽台,四層,公寓(5樓含以下無電梯),住家用,鋼筋混凝土造,680619,76.29,3,2,1,有,無,7800000,102241,,0,0,,RPSNOLLMPHOFFAF68CA
板橋區,房地(土地+建物),新北市板橋區莒光路15巷1~30號,41.25,住,,,1080621,土地3建物1車位0,四層,四層,公寓(5樓含以下無電梯),住家用,鋼筋混凝土造,640317,100.15,3,2,2,有,無,10600000,105841,,0,0,,RPWOMLOLPHOFFAF56CA
板橋區,房地(土地+建物),新北市板橋區懷德街78巷1~30號,20.75,住,,,1080513,土地1建物1車位0,一層,四層,店面(店鋪),住家用,加強磚造,,56.28,2,1,1,有,無,14600000,259417,,0,0,親友、員工或其他特殊關係間之交易。;含增建或未登記建物。;,RPUQMLNLPHOFFAF09CA
新店區,房地(土地+建物),新北市新店區五峰路70巷1~30號,31.94,住,,,1080621,土地1建物1車位0,四層,四層,公寓(5樓含以下無電梯),住家用,鋼筋混凝土造,670809,103.69,3,2,2,有,無,9150000,88244,,0,0,含增建或未登記建物。;,RPTPMLMLPHOFFCF98CA
新店區,房地(土地+建物),新北市新店區自由街31~60號,47.96,住,,,1080523,土地3建物1車位0,一層,四層,公寓(5樓含以下無電梯),住家用,加強磚造,630904,83,3,2,2,有,無,8100000,97590,,0,0,親友、員工或其他特殊關係間之交易。;,RPROMLNLPHOFFCF78CA
淡水區,房地(土地+建物),新北市淡水區興福寮66巷511~540號,449.04,,山坡地保育區,丙種建築用地,1080513,土地1建物1車位0,一層，二層，三層，四層,四層,透天厝,住家用,鋼筋混凝土造,1000616,354.85,3,3,3,有,有,40000000,112724,,0,0,,RPPNMLQKQHOFFEF98CA
中和區,房地(土地+建物),新北市中和區保健路91~120號,29.44,住,,,1080614,土地1建物1車位0,三層,四層,公寓(5樓含以下無電梯),見其他登記事項,見其他登記事項,620503,85.14,3,2,1,有,無,11280000,132488,,0,0,含增建或未登記建物。;,RPRQMLNLPHOFFHF86CA
中和區,房地(土地+建物),新北市中和區民富街74巷1~30號,24.35,住,,,1080620,土地2建物1車位0,三層，陽台,四層,公寓(5樓含以下無電梯),住家用,鋼筋混凝土造,660804,64,2,1,2,有,無,6000000,93750,,0,0,,RPTQMLOLPHOFFHF17CA
中和區,房地(土地+建物),新北市中和區大仁街20巷25弄1~30號,25.11,住,,,1080625,土地1建物1車位0,三層，陽台,四層,公寓(5樓含以下無電梯),住家用,加強磚造,640526,73.88,2,1,1,有,無,5700000,77152,,0,0,,RPOQMLPLPHOFFHF76CA
中和區,房地(土地+建物),新北市中和區保健路44巷1~30號,20.51,住,,,1080704,土地1建物1車位0,二層，陽台,四層,公寓(5樓含以下無電梯),住家用,加強磚造,620303,61,2,2,2,有,無,6700000,109836,,0,0,親友、員工或其他特殊關係間之交易。;,RPQNMLLJQHOFFHF78CA
板橋區,房地(土地+建物),新北市板橋區文化路一段331~360號,2.35,住,,,1080616,土地1建物1車位0,三十一層,四十層,套房(1房1廳1衛),住家用,見其他登記事項,990715,47.06,0,1,1,有,有,9600000,203995,,0,0,含增建或未登記建物。,RPQNMLSKPHOFFAF78CA
板橋區,房地(土地+建物),新北市板橋區文化路一段331~360號,2.1,住,,,1080407,土地1建物1車位0,九層,四十層,套房(1房1廳1衛),住家用,見其他登記事項,990715,41.03,1,1,1,有,有,9000000,219352,,0,0,含增建或未登記建物。,RPWPMLSKPHOFFAF07DA
板橋區,房地(土地+建物),新北市板橋區文化路一段361~390號,2.77,住,,,1080505,土地1建物1車位0,二十九層,四十三層,套房(1房1廳1衛),住家用,見其他登記事項,990715,54.15,1,1,1,有,有,11500000,212373,,0,0,含增建或未登記建物。,RPVPMLKMPHOFFAF98DA
板橋區,房地(土地+建物)+車位,新北市板橋區文化路一段361~390號,6.96,住,,,1080623,土地1建物1車位1,十六層,四十三層,住宅大樓(11層含以上有電梯),住家用,見其他登記事項,990715,152.2,4,2,2,有,有,27300000,203635,坡道平面,28.94,2200000,含增建或未登記建物。權利人共二人。,RPPNMLLLPHOFFAF18DA
中和區,房地(土地+建物),新北市中和區景平路151~180號,2.54,住,,,1080629,土地3建物1車位0,二十五層,四十一層,套房(1房1廳1衛),住家用,鋼骨鋼筋混凝土造,861104,44.31,1,1,1,有,有,5700000,128639,,0,0,含增建或未登記建物。;,RPTOMLPLPHOFFHF07CA
中和區,房地(土地+建物),新北市中和區景平路181~210號,2.09,住,,,1080604,土地3建物1車位0,三十八層,四十一層,套房(1房1廳1衛),住家用,鋼骨鋼筋混凝土造,861104,35.11,1,1,1,有,有,4350000,123896,,0,0,含增建或未登記建物。;,RPPSMLLJQHOFFHF56CA
中和區,車位,新北市中和區景平路170?170191~170220號,0.09,住,,,1080705,土地0建物0車位1,地下六層,四十一層,其他,見其他登記事項,鋼骨鋼筋混凝土造,861104,32.29,0,0,0,有,有,1580000,,坡道平面,32.29,1580000,,RPWQMLKMPHOFFHF17CA
汐止區,房地(土地+建物)+車位,新北市汐止區東勢街201巷1~30號,37.43,,山坡地保育區,丙種建築用地,1080531,土地1建物2車位1,五層,六層,華廈(10層含以下有電梯),見其他登記事項,見其他登記事項,1070309,133.75,2,2,1,有,有,10080000,94208,坡道平面,39.49,1200000,,RPOQMLLMPHOFFDF68CA
汐止區,房地(土地+建物)+車位,新北市汐止區東勢街201巷1~30號,36.93,,山坡地保育區,丙種建築用地,1080605,土地1建物2車位1,四層,六層,華廈(10層含以下有電梯),見其他登記事項,見其他登記事項,1070309,132.48,2,2,1,有,有,9900000,93558,坡道平面,39.49,1200000,,RPQQMLLMPHOFFDF88CA
汐止區,房地(土地+建物)+車位,新北市汐止區東勢街201巷1~30號,53.28,,山坡地保育區,丙種建築用地,1080221,土地1建物2車位1,五層,六層,華廈(10層含以下有電梯),見其他登記事項,見其他登記事項,1070309,174.5,3,2,2,有,有,15250000,102963,坡道平面,39.49,1350000,,RPRQMLLMPHOFFDF98CA
淡水區,房地(土地+建物),新北市淡水區北新路184巷241~270號,29.34,住,,,1080630,土地1建物1車位0,五層,六層,華廈(10層含以下有電梯),住家用,鋼筋混凝土造,910827,88.21,3,0,3,有,無,5800000,65752,,0,0,隔三間套房,RPQNMLLJQHOFFEF48CA
中和區,房地(土地+建物),新北市中和區景新街241~270號,16.73,住,,,1080604,土地1建物1車位0,二層，陽台,六層,華廈(10層含以下有電梯),住家用,鋼筋混凝土造,660821,79.1,2,1,1,有,有,7500000,94817,,0,0,,RPRQMLKMPHOFFHF66CA
中和區,房地(土地+建物),新北市中和區中和路262巷43弄1~30號,36.34,住,,,1080628,土地1建物1車位0,二層,六層,華廈(10層含以下有電梯),住家用,鋼筋混凝土造,800521,168.86,5,2,3,有,無,25000000,148052,,0,0,,RPQQMLLMPHOFFHF66CA
新店區,房地(土地+建物)+車位,新北市新店區安祥路158巷1~30號,291.59,,山坡地保育區,丙種建築用地,1080420,土地10建物1車位1,三層,六層,華廈(10層含以下有電梯),見其他登記事項,鋼筋混凝土造,1070703,260.27,4,2,2,有,有,17000000,70765,坡道平面,44.06,1700000,,RPUNMLMKQHOFFCF88CA
汐止區,房地(土地+建物),新北市汐止區福德一路177巷12弄1~30號,29.74,住,,,1080629,土地1建物1車位0,三層,六層,華廈(10層含以下有電梯),住家用,鋼筋混凝土造,811109,148.05,4,2,2,有,有,12650000,85444,,0,0,,RPSPMLLMPHOFFDF98CA
汐止區,房地(土地+建物),新北市汐止區宜興街9巷1~30號,42.51,,鄉村區,乙種建築用地,1080703,土地1建物1車位0,二層,六層,華廈(10層含以下有電梯),住家用,鋼筋混凝土造,811001,168.3,3,1,1,有,有,14500000,86156,,0,0,,RPXPMLLJQHOFFDF76DA
蘆洲區,房地(土地+建物),新北市蘆洲區民族路336巷31~60號,25.16,住,,,1080611,土地1建物1車位0,三層,六層,華廈(10層含以下有電梯),住家用,鋼筋混凝土造,830924,123.92,3,2,2,有,有,9850000,79487,,0,0,親友、員工或其他特殊關係間之交易。;,RPUNMLMJQHOFFGF56CA
汐止區,房地(土地+建物)+車位,新北市汐止區保一街35巷1~30號,25.39,住,,,1080708,土地1建物1車位1,二層,六層,華廈(10層含以下有電梯),住家用,鋼筋混凝土造,861105,145.42,3,2,2,有,有,6120000,42085,坡道平面,33.02,0,,RPPNMLQLPHOFFDF88CA
土城區,房地(土地+建物),新北市土城區中央路三段126巷1~30號,18.62,工,,,1080626,土地1建物1車位0,四層,六層,華廈(10層含以下有電梯),見其他登記事項,鋼筋混凝土造,920630,110.08,3,2,2,有,有,8630000,78398,,0,0,,RPSQNLMJQHOFFAF78CA
新莊區,房地(土地+建物),新北市新莊區福壽街112巷1~30號,29.12,住,,,1080625,土地1建物1車位0,一層,六層,華廈(10層含以下有電梯),住家用,鋼筋混凝土造,790906,154.82,4,1,2,有,無,17750000,114649,,0,0,含增建或未登記建物。;,RPRQMLLJQHOFFBF58CA
淡水區,車位,新北市淡水區北新路184巷31~60號,0.37,住,,,1080706,土地0建物0車位1,地下一層,六層,其他,見其他登記事項,鋼筋混凝土造,930916,46.6,0,0,0,有,有,600000,,坡道平面,46.6,600000,,RPROMLPJQHOFFEF09CA
新莊區,房地(土地+建物),新北市新莊區西盛街395巷29弄1~30號,24.54,住,,,1080703,土地1建物1車位0,六層,六層,華廈(10層含以下有電梯),住家用,鋼筋混凝土造,811223,105.71,3,2,2,有,有,9000000,85139,,0,0,,RPQNMLKMPHOFFBF28CA
新店區,房地(土地+建物),新北市新店區竹林路61~90號,24.44,住,,,1080630,土地1建物1車位0,三層,六層,華廈(10層含以下有電梯),住家用,鋼筋混凝土造,961018,113.17,3,2,2,有,有,7600000,67156,,0,0,,RPUNMLLMPHOFFCF88CA
樹林區,房地(土地+建物),新北市樹林區鎮前街1~30號,5.62,商,,,1080706,土地1建物1車位0,一層,六層,華廈(10層含以下有電梯),商業用,鋼筋混凝土造,671013,36.16,2,0,2,有,有,4500000,124447,,0,0,壹樓空地、隔間套房,RPSSMLMJQHOFFIF07CA
蘆洲區,房地(土地+建物),新北市蘆洲區長安街331巷1~30號,22.89,住,,,1080706,土地1建物1車位0,四層,六層,華廈(10層含以下有電梯),住家用,鋼筋混凝土造,830216,112.29,3,2,2,有,有,10000000,89055,,0,0,含增建或未登記建物。,RPQOMLQJQHOFFGF76DA
鶯歌區,房地(土地+建物)+車位,新北市鶯歌區尖山路271~300號,60.04,住,,,1080709,土地1建物1車位1,二層,六層,華廈(10層含以下有電梯),見其他登記事項,鋼筋混凝土造,1050315,214.93,4,2,2,有,有,11000000,51179,坡道平面,27.73,0,,RPUUMLMJQHOFFIF47CA
瑞芳區,房地(土地+建物),新北市瑞芳區明燈路三段50巷1~30號,9.54,住,,,1080612,土地5建物1車位0,一層，騎樓,六層,華廈(10層含以下有電梯),商業用,鋼筋混凝土造,840812,67.38,0,0,0,無,無,6700000,99436,,0,0,,RPQNMLRJQHOFFFF56CA
瑞芳區,房地(土地+建物),新北市瑞芳區明燈路三段50巷1~30號,9.54,住,,,1080612,土地5建物1車位0,一層，騎樓,六層,華廈(10層含以下有電梯),商業用,鋼筋混凝土造,840812,67.65,0,0,0,無,無,6700000,99039,,0,0,,RPRNMLRJQHOFFFF66CA
新莊區,房地(土地+建物)+車位,新北市新莊區五權一路12巷21弄1~30號,32.25,,工業區,丁種建築用地,1080603,土地1建物1車位1,二層,六層,華廈(10層含以下有電梯),住家用,鋼筋混凝土造,860424,157.75,3,2,2,有,有,11600000,73534,坡道機械,0,0,,RPQWMLSKPHOFFBF17CA
淡水區,房地(土地+建物),新北市淡水區北新路184巷91~120號,14.43,住,,,1080624,土地1建物1車位0,一層,六層,店面(店鋪),見其他登記事項,鋼筋混凝土造,930916,48.04,0,0,0,無,有,4550000,94713,,0,0,有夾層,RPQPMLSKPHOFFEF76CA
三峽區,房地(土地+建物),新北市三峽區介壽路一段276巷102弄1~30號,11.19,住,,,1080703,土地1建物1車位0,一層,六層,華廈(10層含以下有電梯),住家用,鋼筋混凝土造,821022,59.95,2,1,1,有,有,1900000,31693,,0,0,親友、員工或其他特殊關係間之交易。;,RPUSMLMKPHOFFIF27CA
土城區,房地(土地+建物),新北市土城區青山路2巷1~30號,14.84,住,,,1080616,土地1建物1車位0,五層,六層,華廈(10層含以下有電梯),住家用,鋼筋混凝土造,810220,82.07,2,2,1,有,無,8600000,104789,,0,0,,RPUPMLNLQHOFFAF66EA
土城區,房地(土地+建物),新北市土城區青山路2巷1~30號,18.27,住,,,1080608,土地1建物1車位0,四層,六層,華廈(10層含以下有電梯),住家用,鋼筋混凝土造,810220,90.1099999999999,2,2,1,有,有,8300000,92110,,0,0,,RPPOMLPKPHOFFAF48CA
新莊區,房地(土地+建物),新北市新莊區民安西路261巷1~30號,17.41,住,,,1080616,土地1建物1車位0,三層,六層,華廈(10層含以下有電梯),住家用,鋼筋混凝土造,820416,82.93,2,2,1,有,無,7900000,95261,,0,0,共有人數2人。含增建或未登記建物。,RPRSMLPKPHOFFBF56CA
汐止區,房地(土地+建物)+車位,新北市汐止區福德一路106巷1~30號,16.68,住,,,1080531,土地1建物1車位2,一層,六層,華廈(10層含以下有電梯),住家用,鋼筋混凝土造,860819,92.92,3,2,2,有,有,8000000,86096,坡道機械,0,0,,RPRTMLRKPHOFFDF07CA
汐止區,房地(土地+建物),新北市汐止區康寧街601~630號,13.66,住,,,1080526,土地2建物1車位0,五層,六層,華廈(10層含以下有電梯),見其他登記事項,見其他登記事項,1080220,59.69,1,1,1,有,無,6150000,103032,,0,0,,RPPOMLKLQHOFFDF48CA
永和區,房地(土地+建物),新北市永和區永平路302巷1~30號,23.66,住,,,1080605,土地2建物1車位0,五層,六層,華廈(10層含以下有電梯),住家用,鋼筋混凝土造,831231,100.25,3,2,1,有,無,14050000,140150,,0,0,含增建或未登記建物。;,RPTRMLSKPHOFFHF57CA
蘆洲區,房地(土地+建物),新北市蘆洲區長安街347巷1~30號,23.83,住,,,1080613,土地1建物1車位0,六層,六層,華廈(10層含以下有電梯),住家用,鋼筋混凝土造,871209,106.97,3,2,2,有,有,10300000,96289,,0,0,,RPQNMLRKPHOFFGF66CA
土城區,房地(土地+建物),新北市土城區明?街31~60號,14.8,住,,,1080625,土地1建物1車位0,三層,六層,華廈(10層含以下有電梯),住家用,鋼筋混凝土造,830518,71.35,2,1,1,有,無,7150000,100210,,0,0,,RPPPMLSKPHOFFAF88CA
土城區,房地(土地+建物)+車位,新北市土城區頂埔街31~60號,21.48,住,,,1080606,土地1建物1車位2,六層,六層,華廈(10層含以下有電梯),住家用,鋼筋混凝土造,840527,159.82,3,2,2,有,有,9200000,57565,升降平面,0,0,親友、員工或其他特殊關係間之交易。;含增建或未登記建物。;,RPQPMLOLPHOFFAF78DA
蘆洲區,房地(土地+建物)+車位,新北市蘆洲區中原路20巷1~30號,24.64,住,,,1080523,土地1建物1車位1,三層,六層,華廈(10層含以下有電梯),住家用,鋼筋混凝土造,800628,131.59,3,2,2,有,有,10750000,81693,坡道平面,0,0,,RPPPMLQLPHOFFGF76CA
三重區,房地(土地+建物)+車位,新北市三重區集美街247巷31弄1~30號,37.23,住,,,1080529,土地1建物1車位3,六層,六層,華廈(10層含以下有電梯),住家用,鋼筋混凝土造,880309,159.41,3,1,2,有,有,12000000,75278,坡道平面,70.45,0,二親等買賣,RPTOMLLLQHOFFGF66CA
中和區,房地(土地+建物)+車位,新北市中和區自立路15巷1~30號,29.01,住,,,1080611,土地1建物1車位1,五層,六層,華廈(10層含以下有電梯),住家用,鋼筋混凝土造,831214,166.07,4,2,2,有,無,18500000,111406,升降平面,0,0,,RPUOMLQJQHOFFHF17CA
蘆洲區,車位,新北市蘆洲區信義路1~30號,3.09,住,,,1080707,土地0建物0車位1,地下層,六層,其他,見其他登記事項,鋼筋混凝土造,800314,17.69,0,0,0,有,有,495000,,坡道機械,17.69,495000,,RPRQMLMLPHOFFGF66CA
新莊區,房地(土地+建物),新北市新莊區建安街121巷1~30號,29.73,住,,,1080620,土地1建物1車位0,五層,六層,華廈(10層含以下有電梯),住家用,鋼筋混凝土造,790726,150.25,4,2,2,有,有,15000000,99840,,0,0,共有人數2人。含增建或未登記建物。內含獨立產權公設，未包含在棟數內。,RPUPMLTKPHOFFBF96CA
新店區,房地(土地+建物)+車位,新北市新店區中央六街31~60號,37.72,住,,,1080530,土地1建物1車位1,二層,六層,華廈(10層含以下有電梯),見其他登記事項,見其他登記事項,1071101,152.26,3,2,2,有,有,30000000,197031,一樓平面,0,0,,RPPNMLMLQHOFFCF48CA
萬里區,房地(土地+建物),新北市萬里區東澳路61~90號,39.92,住,,,1080604,土地2建物1車位0,四層,六層,華廈(10層含以下有電梯),住家用,鋼筋混凝土造,840522,126.6,2,2,2,有,無,5300000,41864,,0,0,,RPUOMLMLPHOFFDF09CA
八里區,房地(土地+建物),新北市八里區中華路二段308巷6弄1~30號,15.98,住,,,1080621,土地1建物1車位0,六層,六層,華廈(10層含以下有電梯),住家用,鋼筋混凝土造,820812,72.5,2,1,1,有,有,4200000,57923,,0,0,含增建或未登記建物。;,RPWNMLMLPHOFFEF66CA
永和區,房地(土地+建物)+車位,新北市永和區博愛街18巷1~30號,30.78,住,,,1080605,土地1建物1車位1,五層,六層,華廈(10層含以下有電梯),住家用,鋼筋混凝土造,770805,157.34,3,2,2,有,有,21080000,133977,坡道平面,0,0,含增建或未登記建物。;,RPXOMLNLPHOFFHF27CA
板橋區,房地(土地+建物),新北市板橋區新生街23巷1~30號,30.44,住,,,1080630,土地1建物1車位0,四層,五層,公寓(5樓含以下無電梯),住家用,鋼筋混凝土造,770908,112.81,3,2,2,有,無,9090000,80578,,0,0,含增建或未登記建物。;,RPRPMLMLPHOFFAF58CA
土城區,房地(土地+建物),新北市土城區青雲路483巷13弄31~60號,26.8,住,,,1080530,土地1建物1車位0,四層,五層,公寓(5樓含以下無電梯),住家用,鋼筋混凝土造,720820,86.54,3,2,1,有,無,6500000,75110,,0,0,,RPQPMLRJQHOFFAF88CA
新莊區,房地(土地+建物),新北市新莊區中港路531巷1~30號,29.76,住,,,1080610,土地1建物1車位0,五層,五層,公寓(5樓含以下無電梯),住家用,鋼筋混凝土造,750409,104.04,2,2,2,有,無,9280000,89196,,0,0,含增建或未登記建物。,RPTNMLNLPHOFFBF78CA
新莊區,房地(土地+建物),新北市新莊區復興路二段76巷1~30號,21.68,住,,,1080511,土地2建物1車位0,一層,五層,公寓(5樓含以下無電梯),商業用,鋼筋混凝土造,740918,70.53,1,1,2,有,無,8500000,120516,,0,0,含增建或未登記建物。,RPQOMLNLPHOFFBF58CA
新莊區,房地(土地+建物),新北市新莊區瓊林路瓊英巷8弄1~30號,29.4,住,,,1080623,土地2建物1車位0,二層,五層,公寓(5樓含以下無電梯),住家用,鋼筋混凝土造,710921,105.9,4,2,1,有,無,7500000,70822,,0,0,,RPPNMLOLPHOFFBF48CA
林口區,房地(土地+建物),新北市林口區民生路31~60號,76.58,住,,,1080407,土地1建物1車位0,一層，二層，三層，四層，五層,五層,透天厝,住家用,鋼筋混凝土造,950526,213.95,3,2,3,有,有,13680000,63940,,0,0,含增建或未登記建物。;,RPXNMLPLPHOFFBF76CA
新莊區,房地(土地+建物),新北市新莊區昌盛街1~30號,19.73,住,,,1080525,土地3建物1車位0,四層，陽台,五層,公寓(5樓含以下無電梯),住家用,鋼筋混凝土造,670902,91,3,2,1,有,無,6400000,70330,,0,0,,RPSPMLLMPHOFFBF78CA
新店區,房地(土地+建物)+車位,新北市新店區櫻花街121~150號,68.84,住,,,1080510,土地1建物1車位1,五層,五層,華廈(10層含以下有電梯),見其他登記事項,見其他登記事項,1080325,180.19,2,2,2,有,有,10700000,69838,坡道平面,39.15,850000,土地及建物分次登記案件。前案土地登記收件字號：;,RPOOMLNLPHOFFCF48CA
新店區,房地(土地+建物),新北市新店區竹林路91~120號,22.62,住,,,1080616,土地1建物1車位0,二層，三層,五層,華廈(10層含以下有電梯),住家用,鋼筋混凝土造,800821,119.759999999999,3,2,2,有,有,7250000,60538,,0,0,含增建或未登記建物。;,RPOPMLNLPHOFFCF58CA
新店區,房地(土地+建物),新北市新店區檳榔路41巷1~30號,26.55,住,,,1080615,土地1建物1車位0,五層,五層,公寓(5樓含以下無電梯),住家用,鋼筋混凝土造,670622,87.73,3,2,1,有,無,9800000,111706,,0,0,含增建或未登記建物。;,RPPQMLOLPHOFFCF88CA
汐止區,房地(土地+建物),新北市汐止區汐萬路二段228巷31弄31~60號,42.28,,山坡地保育區,丙種建築用地,1080626,土地1建物1車位0,一層,五層,公寓(5樓含以下無電梯),住家用,鋼筋混凝土造,841110,108.69,3,2,2,有,有,5200000,47842,,0,0,,RPUPMLOLPHOFFDF76CA
汐止區,房地(土地+建物),新北市汐止區汐萬路二段228巷31弄61~90號,44.47,,山坡地保育區,丙種建築用地,1080616,土地1建物1車位0,五層,五層,公寓(5樓含以下無電梯),住家用,鋼筋混凝土造,841110,107.28,3,2,2,有,有,2350000,21905,,0,0,,RPROMLTLPHOFFDF86CA
三重區,房地(土地+建物),新北市三重區大同北路267巷1~30號,22.38,住,,,1080627,土地2建物1車位0,五層,五層,華廈(10層含以下有電梯),見其他登記事項,鋼筋混凝土造,1050203,84.77,2,2,1,有,無,10600000,125044,,0,0,,RPUPMLMLPHOFFGF86CA
蘆洲區,房地(土地+建物),新北市蘆洲區三民路128巷61弄1~30號,60.74,住,,,1080613,土地1建物2車位0,五層,五層,公寓(5樓含以下無電梯),住家用,鋼筋混凝土造,770310,209.28,3,1,1,有,無,20000000,95566,,0,0,,RPVPMLMLPHOFFGF96CA
蘆洲區,房地(土地+建物),新北市蘆洲區信義路331~360號,21.64,住,,,1080620,土地4建物1車位0,一層，騎樓,五層,店面(店鋪),見其他登記事項,鋼筋混凝土造,720929,92.21,1,0,1,有,無,3060000,33185,,0,0,親友、員工或其他特殊關係間之交易。;,RPQQMLOLPHOFFGF76CA
蘆洲區,房地(土地+建物),新北市蘆洲區水湳街61~90號,26,住,,,1080621,土地1建物1車位0,一層，平台，騎樓,五層,店面(店鋪),見其他登記事項,鋼筋混凝土造,691001,220,1,1,1,有,無,24000000,109091,,0,0,含增建或未登記建物。;,RPTOMLOKQHOFFGF86CA
三重區,房地(土地+建物),新北市三重區雙園街1~30號,9.47,住,,,1080625,土地1建物1車位0,一層,五層,店面(店鋪),商業用,鋼筋混凝土造,710211,27,0,0,0,無,無,3200000,118519,,0,0,親友、員工或其他特殊關係間之交易。;含增建或未登記建物。;免除價金220萬元。,RPSPMLQKQHOFFGF07CA
中和區,房地(土地+建物),新北市中和區南山路127巷27弄1~30號,20.08,住,,,1080616,土地2建物1車位0,一層，平台,五層,公寓(5樓含以下無電梯),住家用,鋼筋混凝土造,671028,72,4,0,4,有,無,8000000,111111,,0,0,含增建或未登記建物。;,RPUOMLPLPHOFFHF17CA
中和區,房地(土地+建物),新北市中和區圓通路393巷1~30號,9.17,住,,,1070516,土地1建物1車位0,一層,五層,公寓(5樓含以下無電梯),住商用,鋼筋混凝土造,711104,39.32,3,2,1,有,無,4000000,101729,,0,0,親友、員工或其他特殊關係間之交易。;受債權債務影響或債務抵償之交易。;,RPSPMLKMPHOFFHF66CA
三峽區,房地(土地+建物),新北市三峽區永安街9巷1~30號,20.9,住,,,1080621,土地1建物1車位0,一層，騎樓,五層,套房(1房1廳1衛),住家用,鋼筋混凝土造,750812,89.93,1,1,1,有,無,8000000,88958,,0,0,,RPRNMLNLPHOFFIF66CA
三峽區,房地(土地+建物),新北市三峽區白雞61~90號,30.58,,山坡地保育區,丙種建築用地,1080615,土地1建物1車位0,四層,五層,公寓(5樓含以下無電梯),住家用,鋼筋混凝土造,840828,105.78,3,2,2,有,無,2550000,24107,,0,0,,RPSOMLRJQHOFFIF17CA
蘆洲區,房地(土地+建物),新北市蘆洲區民族路257巷1~30號,33.27,住,,,1080617,土地1建物1車位0,三層,五層,公寓(5樓含以下無電梯),住家用,鋼筋混凝土造,701216,101,3,2,1,有,無,6450000,63861,,0,0,含增建或未登記建物。;,RPRPMLOLPHOFFGF86DA
蘆洲區,房地(土地+建物),新北市蘆洲區民族路257巷1~30號,33.27,住,,,1080615,土地1建物1車位0,二層,五層,公寓(5樓含以下無電梯),住家用,鋼筋混凝土造,701216,101,3,1,1,有,無,6800000,67327,,0,0,含增建或未登記建物。,RPQNMLNJQHOFFGF98DA
中和區,房地(土地+建物),新北市中和區大仁街10巷31~60號,32.78,住,,,1080625,土地1建物1車位0,四層,五層,公寓(5樓含以下無電梯),住家用,鋼筋混凝土造,720705,117.83,3,2,2,有,無,10350000,87838,,0,0,,RPPNMLMKPHOFFHF09CD
三重區,房地(土地+建物),新北市三重區力行路一段179巷1~30號,23.2,住,,,1080624,土地1建物1車位0,一層,五層,公寓(5樓含以下無電梯),見其他登記事項,鋼筋混凝土造,700127,69,2,1,1,有,無,3030000,43913,,0,0,親友、員工或其他特殊關係間之交易。;,RPOQMLNLPHOFFGF66EA
淡水區,房地(土地+建物),新北市淡水區學府路136巷40弄1~30號,10.03,住,,,1080704,土地1建物1車位0,五層,五層,公寓(5樓含以下無電梯),住家用,鋼筋混凝土造,790315,49.82,1,1,1,有,無,2500000,50181,,0,0,,RPWOMLRJQHOFFEF37EA
五股區,房地(土地+建物),新北市五股區成泰路三段577巷80弄61~90號,30.12,住,,,1080710,土地2建物1車位0,四層,五層,公寓(5樓含以下無電梯),住家用,鋼筋混凝土造,760921,100.12,3,2,2,有,無,5500000,54934,,0,0,,RPOSMLNLPHOFFBF98EA
土城區,房地(土地+建物),新北市土城區中正路61~90號,20.19,住,,,1080619,土地2建物1車位0,三層,五層,公寓(5樓含以下無電梯),住家用,鋼筋混凝土造,770106,67.28,2,1,1,有,無,4000000,59453,,0,0,親友、員工或其他特殊關係間之交易。;,RPTRMLMJQHOFFAF09EA
板橋區,房地(土地+建物),新北市板橋區僑中二街124巷1~30號,26.22,住,,,1080723,土地2建物1車位0,四層,五層,公寓(5樓含以下無電梯),住家用,鋼筋混凝土造,,98.87,3,2,2,有,無,7200000,72823,,0,0,親友、員工或其他特殊關係間之交易。;,RPTNMLKMQHOFFAF78EA
中和區,房地(土地+建物),新北市中和區連城路47巷1~30號,26.45,住,,,1080429,土地1建物1車位0,三層，陽台,五層,公寓(5樓含以下無電梯),住家用,鋼筋混凝土造,681130,91.26,3,2,2,有,無,9760000,106947,,0,0,含增建或未登記建物。,RPTNMLKMPHOFFHF66DA
中和區,房地(土地+建物),新北市中和區忠孝街19巷1~30號,23.61,住,,,1080612,土地2建物1車位0,一層，平台,五層,公寓(5樓含以下無電梯),住家用,鋼筋混凝土造,700203,67.06,3,1,1,有,無,7300000,108858,,0,0,含增建或未登記建物。;,RPSQMLLJQHOFFHF66CA
中和區,房地(土地+建物),新北市中和區圓通路252巷1~30號,26.98,住,,,1080608,土地1建物1車位0,五層,五層,公寓(5樓含以下無電梯),住家用,鋼筋混凝土造,760509,195.989999999999,3,2,2,有,無,7850000,40053,,0,0,含增建或未登記建物。;,RPUNMLLMPHOFFHF76CA
中和區,房地(土地+建物),新北市中和區南山路320巷10弄1~30號,31.61,住,,,1080618,土地1建物1車位0,二層,五層,公寓(5樓含以下無電梯),住家用,鋼筋混凝土造,830301,212.18,3,2,2,有,無,8800000,41474,,0,0,,RPVOMLQLPHOFFHF37CA
蘆洲區,房地(土地+建物),新北市蘆洲區永樂街38巷19弄1~30號,28.34,住,,,1080615,土地1建物1車位0,四層,五層,公寓(5樓含以下無電梯),住家用,鋼筋混凝土造,780515,98.42,3,2,2,有,無,7500000,76204,,0,0,,RPRPMLQKQHOFFGF96CA
三重區,房地(土地+建物),新北市三重區大同北路135巷1~30號,28.5,住,,,1080408,土地1建物1車位0,一層,五層,公寓(5樓含以下無電梯),住家用,鋼筋混凝土造,860926,64.77,3,2,1,有,無,10500000,162112,,0,0,,RPUNMLLLQHOFFGF66CA
三重區,房地(土地+建物),新北市三重區民族街1~30號,27.6,住,,,1071218,土地1建物1車位0,五層,五層,公寓(5樓含以下無電梯),住家用,鋼筋混凝土造,730426,93.24,1,1,1,有,無,3800000,40755,,0,0,含增建或未登記建物。;有民情風俗因素之交易。;土地法34條之1交易。,RPVOMLLJQHOFFGF66CA
三重區,房地(土地+建物),新北市三重區正義北路331~360號,23.37,住,,,1080708,土地2建物1車位0,四層，陽台,五層,公寓(5樓含以下無電梯),住家用,鋼筋混凝土造,691107,86,3,1,2,有,無,7300000,84884,,0,0,,RPWQMLTLPHOFFGF87CA
三重區,房地(土地+建物),新北市三重區長壽西街91~120號,23.63,住,,,1080528,土地3建物1車位0,一層，地下層,五層,公寓(5樓含以下無電梯),住家用,鋼筋混凝土造,791226,165.53,2,2,2,有,有,15500000,93639,,0,0,,RPVPMLQLPHOFFGF37CA
三重區,房地(土地+建物),新北市三重區仁政街54巷31~60號,12,住,,,1080612,土地1建物1車位0,一層,五層,公寓(5樓含以下無電梯),見其他登記事項,鋼筋混凝土造,830809,37.07,0,0,0,無,無,4900000,132182,,0,0,,RPVNMLSLPHOFFGF37CA
汐止區,房地(土地+建物),新北市汐止區茄苳路271~300號,28.86,商,,,1080626,土地2建物1車位0,二層,五層,公寓(5樓含以下無電梯),住家用,鋼筋混凝土造,751223,110.73,2,2,1,有,無,11600000,104759,,0,0,"本棟建物樓層因與路面有高低差,所以該建物門牌雖為二樓,而實際使用情形與路面齊,作為一樓使用",RPSTMLRJQHOFFDF17CA
汐止區,房地(土地+建物),新北市汐止區汐萬路二段228巷31弄61~90號,44.67,,山坡地保育區,丙種建築用地,1080711,土地1建物1車位0,四層,五層,公寓(5樓含以下無電梯),住家用,鋼筋混凝土造,841110,107.99,3,2,2,有,有,3000000,27780,,0,0,,RPUUMLSJQHOFFDF57CA
汐止區,房地(土地+建物),新北市汐止區康寧街428巷1~30號,27.8,住,,,1080706,土地1建物1車位0,五層,五層,公寓(5樓含以下無電梯),住家用,鋼筋混凝土造,701228,97.98,3,2,1,有,無,5000000,51031,,0,0,,RPTOMLPLPHOFFDF66CA
新店區,房地(土地+建物)+車位,新北市新店區安祥路151~180號,293.66,,山坡地保育區,丙種建築用地,1080613,土地10建物1車位2,五層,五層,華廈(10層含以下有電梯),見其他登記事項,見其他登記事項,1071128,278.86,4,2,2,有,有,22000000,87667,坡道平面,60.98,2900000,,RPWNMLMKQHOFFCF09CA
深坑區,房地(土地+建物),新北市深坑區松柏街40巷1~30號,29.4,,一般農業區,甲種建築用地,1080723,土地1建物1車位0,一層,五層,公寓(5樓含以下無電梯),住家用,鋼筋混凝土造,880809,93.38,3,2,1,有,無,7600000,81388,,0,0,,RPQNMLNKQHOFFCF58CA
新店區,房地(土地+建物),新北市新店區安民街365巷1弄1~30號,23.16,住,,,1080608,土地2建物1車位0,四層,五層,公寓(5樓含以下無電梯),住家用,鋼筋混凝土造,791101,92.4299999999999,3,2,2,有,有,5600000,60586,,0,0,,RPPPMLKMPHOFFCF48CA
新店區,房地(土地+建物),新北市新店區中興路二段121巷1~30號,29.96,住,,,1080621,土地2建物1車位0,四層,五層,公寓(5樓含以下無電梯),住家用,鋼筋混凝土造,780202,113.77,3,2,2,有,無,11500000,101081,,0,0,,RPWNMLPLPHOFFCF76CA
新店區,房地(土地+建物),新北市新店區寶元路一段85巷1~30號,29.53,住,,,1080620,土地1建物1車位0,四層,五層,公寓(5樓含以下無電梯),住家用,鋼筋混凝土造,770116,108.44,3,2,2,有,無,11100000,102361,,0,0,,RPOQMLOLPHOFFCF78CA
新莊區,房地(土地+建物),新北市新莊區幸福路571~600號,24.05,住,,,1080602,土地3建物1車位0,四層，陽台,五層,公寓(5樓含以下無電梯),住家用,鋼筋混凝土造,680908,97.13,3,2,1,有,無,7840000,80717,,0,0,增建或占用範圍:陽台外推,RPWPMLNKQHOFFBF66CA
板橋區,房地(土地+建物),新北市板橋區忠孝路48巷7弄1~30號,19.57,住,,,1080619,土地1建物1車位0,五層,五層,公寓(5樓含以下無電梯),住家用,鋼筋混凝土造,720604,78.72,3,2,1,有,無,7550000,95910,,0,0,含增建或未登記建物。,RPXRMLOLPHOFFAF96CA
板橋區,房地(土地+建物),新北市板橋區萬板路188巷2弄1~30號,26.4,住,,,1080704,土地2建物1車位0,二層，陽台,五層,公寓(5樓含以下無電梯),住家用,鋼筋混凝土造,,86.2,3,2,1,有,無,8700000,100928,,0,0,,RPSOMLQLPHOFFAF98CA
板橋區,房地(土地+建物),新北市板橋區松柏街33巷1~30號,43.4,住,,,1080629,土地4建物2車位0,四層，陽台,五層,公寓(5樓含以下無電梯),住家用,鋼筋混凝土造,,121.26,4,2,2,有,無,14500000,119578,,0,0,,RPTOMLQLPHOFFAF09CA
土城區,房地(土地+建物),新北市土城區延平街1~30號,20.24,住,,,1080624,土地1建物1車位0,二層,五層,公寓(5樓含以下無電梯),住家用,鋼筋混凝土造,731006,88.96,3,2,2,有,無,9200000,103417,,0,0,含增建或未登記建物。;,RPSPMLQLPHOFFAF09CA
板橋區,房地(土地+建物),新北市板橋區漢生東路113巷1~30號,25.6,住,,,1080622,土地2建物1車位0,二層,五層,公寓(5樓含以下無電梯),住家用,鋼筋混凝土造,670204,92.64,3,2,1,有,無,12600000,136010,,0,0,,RPRPMLMLQHOFFAF68CA
新莊區,房地(土地+建物),新北市新莊區富國路1~30號,19.77,住,,,1080613,土地1建物1車位0,四層，陽台,五層,公寓(5樓含以下無電梯),住家用,鋼筋混凝土造,690714,87.45,3,2,1,有,無,6600000,75472,,0,0,含增建或未登記建物。;陽台外推,RPSRMLPLPHOFFBF66CA
五股區,房地(土地+建物)+車位,新北市五股區中興路一段128巷1~30號,24.51,其他,,,1080611,土地1建物1車位1,一層,五層,廠辦,工業用,鋼筋混凝土造,810722,131.86,0,0,0,無,無,15150000,114895,坡道平面,0,0,,RPPRMLQLPHOFFBF09CA
五股區,房地(土地+建物),新北市五股區西雲路64巷1~30號,24.1,住,,,1080703,土地1建物1車位0,三層,五層,公寓(5樓含以下無電梯),住家用,鋼筋混凝土造,730106,70.22,2,1,1,有,無,3800000,54116,,0,0,,RPUQMLSJQHOFFBF96CA
淡水區,房地(土地+建物)+車位,新北市淡水區民權路185巷1~30號,26.37,工,,,1080615,土地4建物1車位1,三層,五層,工廠,見其他登記事項,鋼筋混凝土造,920910,126.479999999999,3,2,2,有,有,10600000,,坡道平面,0,0,含增建或未登記建物。;共有人數2人。本案車位面積無法概算。,RPWNMLQLPHOFFEF07CA
淡水區,房地(土地+建物),新北市淡水區新民街226巷1~30號,28.56,住,,,1080626,土地1建物1車位0,四層,五層,公寓(5樓含以下無電梯),住家用,鋼筋混凝土造,770823,109.54,5,0,5,有,無,4900000,44733,,0,0,,RPXNMLLMPHOFFEF76CA
蘆洲區,房地(土地+建物),新北市蘆洲區三民路181~210號,17.84,住,,,1080516,土地1建物1車位0,五層,五層,公寓(5樓含以下無電梯),住家用,鋼筋混凝土造,740128,84.68,1,2,1,有,無,7500000,88569,,0,0,,RPUPMLOLPHOFFGF07CA
中和區,房地(土地+建物),新北市中和區復興路280巷36弄1~30號,24.13,住,,,1080527,土地1建物1車位0,三層，陽台,五層,公寓(5樓含以下無電梯),住家用,鋼筋混凝土造,690521,87.72,3,2,1,有,無,7000000,79799,,0,0,親友、員工或其他特殊關係間之交易。;,RPRPMLOLPHOFFHF86CA
中和區,房地(土地+建物),新北市中和區復興路280巷36弄1~30號,26.59,住,,,1080527,土地1建物1車位0,三層，陽台,五層,公寓(5樓含以下無電梯),住家用,鋼筋混凝土造,690521,87.99,3,2,1,有,無,7000000,79554,,0,0,親友、員工或其他特殊關係間之交易。;,RPRQMLOLPHOFFHF96CA
中和區,房地(土地+建物),新北市中和區莒光路136巷1~30號,34.97,住,,,1080606,土地1建物1車位0,五層,五層,公寓(5樓含以下無電梯),住家用,鋼筋混凝土造,750218,134,4,2,2,有,無,11300000,84328,,0,0,含增建或未登記建物。,RPWQMLOLPHOFFHF47CA
中和區,房地(土地+建物),新北市中和區連城路331~360號,24.62,住,,,1080623,土地3建物1車位0,四層，陽台,五層,公寓(5樓含以下無電梯),住家用,鋼筋混凝土造,680905,91.57,3,2,1,有,無,7830000,85508,,0,0,含增建或未登記建物。,RPROMLPLPHOFFHF86CA
永和區,房地(土地+建物),新北市永和區安樂路304巷10弄1~30號,60.02,住,,,1080413,土地2建物2車位0,一層,五層,公寓(5樓含以下無電梯),見其他登記事項,鋼筋混凝土造,720324,218.54,3,2,1,有,無,28870000,132104,,0,0,含增建或未登記建物。;,RPTPMLQLPHOFFHF27CA
中和區,房地(土地+建物),新北市中和區捷運路61巷1~30號,23.42,住,,,1080628,土地1建物1車位0,三層,五層,公寓(5樓含以下無電梯),住家用,鋼筋混凝土造,700910,84.14,3,2,1,有,無,10000000,118850,,0,0,,RPUOMLMJQHOFFHF76CA
三重區,房地(土地+建物),新北市三重區長壽街61~90號,35.9,住,,,1080330,土地1建物2車位0,五層,五層,公寓(5樓含以下無電梯),住家用,鋼筋混凝土造,751215,130.58,5,3,3,有,無,11850000,90749,,0,0,含增建或未登記建物。打通使用。,RPVQMLLJQHOFFGF96DA
樹林區,房地(土地+建物),新北市樹林區育英街165巷1~30號,28.2,住,,,1080414,土地1建物1車位0,三層,五層,公寓(5樓含以下無電梯),住家用,鋼筋混凝土造,720206,91.52,3,2,1,有,無,6980000,76267,,0,0,,RPRPMLKMPHOFFIF76DA
汐止區,房地(土地+建物),新北市汐止區民族六街3巷1~30號,20.58,住,,,1080717,土地1建物1車位0,五層,五層,公寓(5樓含以下無電梯),住家用,鋼筋混凝土造,690726,76.16,2,1,1,有,無,3000000,39391,,0,0,親友、員工或其他特殊關係間之交易。;,RPWOMLPLPHOFFDF17EA
瑞芳區,房地(土地+建物),新北市瑞芳區三爪子坑路106巷1~30號,39.46,,鄉村區,乙種建築用地,1080215,土地1建物1車位0,五層,五層,公寓(5樓含以下無電梯),住家用,鋼筋混凝土造,890114,117.15,3,2,2,有,無,2520000,21511,,0,0,親友、員工或其他特殊關係間之交易。;,RPPNMLNJRHOFFFF98EA
淡水區,房地(土地+建物),新北市淡水區清水街151~180號,6.06,商,,,1080710,土地1建物1車位0,五層,五層,公寓(5樓含以下無電梯),住家用,鋼筋混凝土造,781229,25.25,1,0,1,有,無,1600000,63366,,0,0,土地及建物分次登記案件。前案土地登記收件字號：;,RPWRMLRLQHOFFEF87EA
中和區,房地(土地+建物),新北市中和區連城路331~360號,21.75,住,,,1080630,土地4建物1車位0,四層，陽台,五層,公寓(5樓含以下無電梯),住家用,鋼筋混凝土造,680905,74.11,3,1,1,有,無,6340000,85549,,0,0,含增建或未登記建物。,RPVPMLQLPHOFFHF57DA
三重區,房地(土地+建物),新北市三重區永安北路二段35巷1~30號,22,住,,,1080625,土地1建物1車位0,三層,五層,公寓(5樓含以下無電梯),住家用,鋼筋混凝土造,820908,70.14,3,2,2,有,無,8000000,114058,,0,0,含增建或未登記建物。,RPPOMLQLPHOFFGF76DA
淡水區,房地(土地+建物),新北市淡水區學府路128巷1~30號,7.48,住,,,1080715,土地1建物1車位0,四層,五層,套房(1房1廳1衛),住家用,鋼筋混凝土造,800314,36.7,1,0,1,有,有,2080000,56676,,0,0,,RPVPMLKMPHOFFEF76DA
汐止區,房地(土地+建物)+車位,新北市汐止區汐萬路一段418巷31~60號,48.65,,山坡地保育區,丙種建築用地,1080611,土地1建物1車位1,五層,五層,公寓(5樓含以下無電梯),住家用,鋼筋混凝土造,881005,115.05,3,2,2,有,無,5530000,48066,坡道平面,0,0,,RPVPMLMJQHOFFDF66DA
樹林區,房地(土地+建物),新北市樹林區文德街3巷1~30號,32.93,住,,,1080605,土地1建物1車位0,五層,五層,公寓(5樓含以下無電梯),住家用,鋼筋混凝土造,780725,124.3,3,2,2,有,無,7800000,62751,,0,0,,RPUNMLLJQHOFFIF66CA
三峽區,房地(土地+建物),新北市三峽區介壽路一段181~210號,25.11,其他,,,1080521,土地3建物1車位0,四層,五層,公寓(5樓含以下無電梯),住家用,鋼筋混凝土造,800627,99.3,3,2,2,有,無,5100000,51360,,0,0,受債權債務影響或債務抵償之交易。;,RPPOMLQLPHOFFIF86CA
中和區,房地(土地+建物),新北市中和區員山路581巷31弄1~30號,25.37,工,,,1080613,土地1建物1車位0,一層,五層,公寓(5樓含以下無電梯),工業用,鋼筋混凝土造,740627,97.33,0,0,1,有,無,10500000,107880,,0,0,含增建或未登記建物。;,RPPNMLRJQHOFFHF66CA
中和區,房地(土地+建物),新北市中和區國光街109巷12弄1~30號,24.36,住,,,1080711,土地1建物1車位0,三層，陽台,五層,公寓(5樓含以下無電梯),住家用,鋼筋混凝土造,690129,84.08,3,2,1,有,無,7380000,87774,,0,0,,RPTQMLPKQHOFFHF27CA
中和區,房地(土地+建物),新北市中和區圓通路141巷31~60號,35.05,住,,,1080614,土地1建物1車位0,二層，陽台,五層,公寓(5樓含以下無電梯),住家用,鋼筋混凝土造,681117,106.66,3,2,1,有,無,8800000,82505,,0,0,,RPXNMLLMPHOFFHF07CA
永和區,房地(土地+建物),新北市永和區仁愛路104巷7弄31~60號,31,住,,,1080604,土地1建物1車位0,一層，平台,五層,公寓(5樓含以下無電梯),住家用,鋼筋混凝土造,680529,192.46,4,2,2,有,無,16800000,87291,,0,0,含增建或未登記建物。;,RPPOMLLMPHOFFHF98CA
永和區,房地(土地+建物),新北市永和區國中路132巷1~30號,33.4,住,,,1080622,土地1建物1車位0,四層，陽台,五層,公寓(5樓含以下無電梯),住家用,鋼筋混凝土造,690731,114.34,4,0,4,有,無,10400000,90957,,0,0,,RPWPMLQLPHOFFHF57CA
永和區,房地(土地+建物),新北市永和區永利路81巷2弄1~30號,28.41,住,,,1080622,土地2建物1車位0,三層,五層,公寓(5樓含以下無電梯),住家用,鋼筋混凝土造,701208,93.66,3,2,2,有,無,10500000,112108,,0,0,含增建或未登記建物。;,RPROMLQLPHOFFHF96CA
中和區,房地(土地+建物),新北市中和區華新街232巷15弄1~30號,38.3,住,,,1080509,土地1建物1車位0,四層,五層,公寓(5樓含以下無電梯),見其他登記事項,鋼筋混凝土造,800308,97.5,3,2,2,有,無,8000000,82051,,0,0,,RPXNMLTLPHOFFHF77CA
永和區,房地(土地+建物),新北市永和區永利路7巷4弄1~30號,11.32,住,,,1080611,土地1建物1車位0,五層,五層,套房(1房1廳1衛),住家用,鋼筋混凝土造,850831,67.08,1,1,1,有,無,3600000,53667,,0,0,含增建或未登記建物。;,RPROMLTLPHOFFHF27CA
中和區,房地(土地+建物),新北市中和區興南路二段34巷55弄1~30號,31.99,住,,,1080704,土地1建物1車位0,二層,五層,公寓(5樓含以下無電梯),住家用,鋼筋混凝土造,780513,99.14,3,2,2,有,有,8700000,87755,,0,0,,RPXNMLKMPHOFFHF96CA
永和區,房地(土地+建物),新北市永和區中興街52巷1弄1~30號,26,住,,,1080630,土地1建物1車位0,四層，陽台,五層,公寓(5樓含以下無電梯),住家用,鋼筋混凝土造,671030,88.89,3,2,1,有,無,12000000,134998,,0,0,含增建或未登記建物。;,RPTNMLQLPHOFFHF07CA
三重區,房地(土地+建物),新北市三重區三和路四段211~240號,18.8,住,,,1080615,土地1建物1車位0,四層，陽台,五層,公寓(5樓含以下無電梯),住家用,鋼筋混凝土造,680926,72,2,2,1,有,無,6750000,93750,,0,0,含增建或未登記建物。;,RPSNMLQJQHOFFGF76CA
三重區,房地(土地+建物),新北市三重區成功路121~150號,9.08,商,,,1080630,土地1建物1車位0,四層，陽台,五層,公寓(5樓含以下無電梯),住家用,鋼筋混凝土造,670223,37.6,1,1,1,有,無,3500000,93085,,0,0,,RPQNMLLJQHOFFGF68CA
三重區,房地(土地+建物),新北市三重區永安北路一段37巷4弄1~30號,21.2,住,,,1080626,土地1建物1車位0,四層,五層,公寓(5樓含以下無電梯),住家用,鋼筋混凝土造,831101,75.38,3,2,2,有,無,6260000,83046,,0,0,增建或占用範圍:防火巷.陽台外推,RPQQMLTLPHOFFGF27CA
蘆洲區,房地(土地+建物)+車位,新北市蘆洲區成功路82巷1~30號,41.14,商,,,1080604,土地7建物1車位1,五層,五層,華廈(10層含以下有電梯),住家用,鋼筋混凝土造,791114,211.93,5,2,4,有,有,20000000,94366,坡道平面,49.31,0,親友、員工或其他特殊關係間之交易。;含增建或未登記建物。;受債權債務影響或債務抵償之交易。;,RPTPMLTLPHOFFGF47CA
三重區,房地(土地+建物),新北市三重區成功路41巷1~30號,31.4,住,,,1080128,土地1建物1車位0,五層,五層,公寓(5樓含以下無電梯),住家用,鋼筋混凝土造,711004,110.31,4,2,1,有,無,12500000,113317,,0,0,含增建或未登記建物。;,RPUPMLQLPHOFFGF27CA
淡水區,房地(土地+建物)+車位,新北市淡水區中正東路一段111巷1~30號,26.42,住,,,1080628,土地2建物1車位1,三層,五層,公寓(5樓含以下無電梯),住家用,鋼筋混凝土造,870424,117.55,3,2,2,有,無,7300000,62101,坡道平面,0,0,,RPVRMLRLQHOFFEF57CA
瑞芳區,房地(土地+建物),新北市瑞芳區員山子路員山巷1~30號,22.97,,鄉村區,乙種建築用地,1080626,土地1建物1車位0,四層,五層,公寓(5樓含以下無電梯),住家用,鋼筋混凝土造,871124,69.22,4,2,2,有,有,1200000,17336,,0,0,含增建或未登記建物。;,RPPNMLTLPHOFFFF76CA
淡水區,房地(土地+建物),新北市淡水區水碓街46巷1~30號,16.56,住,,,1080612,土地1建物1車位0,二層,五層,公寓(5樓含以下無電梯),住家用,鋼筋混凝土造,840818,60.97,2,2,1,有,無,3850000,63146,,0,0,,RPRPMLLLQHOFFEF98CA
汐止區,房地(土地+建物),新北市汐止區橫科路52巷14弄1~30號,21.37,住,,,1080527,土地1建物1車位0,三層,五層,公寓(5樓含以下無電梯),住家用,鋼筋混凝土造,741210,90.55,3,2,2,有,無,7880000,87024,,0,0,含增建或未登記建物。;,RPQPMLPLPHOFFDF09CA
泰山區,房地(土地+建物),新北市泰山區福德街1~30號,21.7,住,,,1080705,土地1建物1車位0,三層,五層,公寓(5樓含以下無電梯),住家用,鋼筋混凝土造,700220,66.17,3,2,1,有,無,5000000,75563,,0,0,,RPXRMLQLPHOFFBF27CA
板橋區,房地(土地+建物),新北市板橋區長江路一段61~90號,20.4,住,,,1080704,土地1建物1車位0,五層,五層,公寓(5樓含以下無電梯),住家用,鋼筋混凝土造,,88.67,3,2,1,有,無,7500000,84583,,0,0,,RPTPMLMKQHOFFAF78CA
板橋區,房地(土地+建物),新北市板橋區國慶路149巷29弄1~30號,18.32,住,,,1080628,土地1建物1車位0,三層,五層,公寓(5樓含以下無電梯),住家用,鋼筋混凝土造,720325,77.73,3,2,1,有,無,7800000,100347,,0,0,,RPOONLMJQHOFFAF18CA
板橋區,房地(土地+建物),新北市板橋區互助街61~90號,25.9,住,,,1080712,土地2建物1車位0,四層,五層,公寓(5樓含以下無電梯),住家用,鋼筋混凝土造,,104.77,3,2,2,有,無,3764500,35931,,0,0,親友、員工或其他特殊關係間之交易。;,RPSQMLTLPHOFFAF86CA
板橋區,房地(土地+建物),新北市板橋區四川路二段99巷5弄1~30號,18,住,,,1080605,土地1建物1車位0,五層，陽台,五層,公寓(5樓含以下無電梯),住家用,鋼筋混凝土造,,61.1,2,1,1,有,無,5300000,86743,,0,0,含增建或未登記建物。;,RPWQMLTLPHOFFAF27CA
板橋區,房地(土地+建物),新北市板橋區長江路一段106巷20弄1~30號,25,住,,,1080625,土地2建物1車位0,三層，陽台,五層,公寓(5樓含以下無電梯),住家用,鋼筋混凝土造,,91.98,3,2,1,有,無,7500000,81539,,0,0,,RPURMLTLPHOFFAF17CA
板橋區,房地(土地+建物),新北市板橋區民權路271~300號,21.8,住,,,1080518,土地3建物1車位0,三層，陽台,五層,公寓(5樓含以下無電梯),住家用,鋼筋混凝土造,680905,70.72,2,2,1,有,無,7380000,104355,,0,0,含增建或未登記建物。;,RPXNMLQLPHOFFAF76CA
土城區,房地(土地+建物),新北市土城區裕生路67巷2弄1~30號,23.5,住,,,1080708,土地1建物1車位0,四層，陽台,五層,公寓(5樓含以下無電梯),住家用,鋼筋混凝土造,691014,80.59,3,2,1,有,無,8000000,99268,,0,0,,RPTRMLTLPHOFFAF07CA
板橋區,房地(土地+建物),新北市板橋區滿平二街10巷1~30號,18.83,住,,,1080619,土地1建物1車位0,五層,五層,公寓(5樓含以下無電梯),住家用,鋼筋混凝土造,,80.33,3,1,1,有,無,5200000,64733,,0,0,含增建或未登記建物。;,RPVQMLKMPHOFFAF98CA
土城區,房地(土地+建物),新北市土城區金城路三段33巷12弄1~30號,27.63,住,,,1080625,土地1建物1車位0,四層,五層,公寓(5樓含以下無電梯),住家用,鋼筋混凝土造,731114,97.04,3,2,2,有,無,7980000,82234,,0,0,,RPQNMLPJQHOFFAF48CA
土城區,房地(土地+建物),新北市土城區興城路47巷1~30號,30.6,住,,,1080705,土地1建物1車位0,四層,五層,公寓(5樓含以下無電梯),住家用,鋼筋混凝土造,770201,111.82,3,2,1,有,無,8250000,73779,,0,0,,RPWOMLNKQHOFFAF09CA
林口區,房地(土地+建物)+車位,新北市林口區東明二街91~120號,128.05,住,,,1080709,土地4建物1車位2,一層，二層,五層,華廈(10層含以下有電梯),見其他登記事項,鋼筋混凝土造,1031216,370.93,3,2,3,有,無,39300000,105950,坡道平面,0,0,,RPOTMLQLPHOFFBF56CA
新莊區,房地(土地+建物),新北市新莊區中正路新建巷22弄1~30號,20.89,住,,,1080615,土地1建物1車位0,五層，陽台,五層,公寓(5樓含以下無電梯),住家用,鋼筋混凝土造,690311,83.04,2,1,1,有,無,5300000,63825,,0,0,,RPVQMLMJQHOFFBF09CA
新店區,房地(土地+建物),新北市新店區玫瑰路66巷1~30號,27.83,其他,,,1080620,土地9建物1車位0,四層,五層,公寓(5樓含以下無電梯),住家用,鋼筋混凝土造,750114,81.77,3,2,1,有,有,5000000,61147,,0,0,,RPOPMLQLPHOFFCF88CA
新店區,房地(土地+建物),新北市新店區安康路二段173巷1~30號,73.54,住,,,1080716,土地2建物1車位0,一層，地下一層,五層,公寓(5樓含以下無電梯),商業用,鋼筋混凝土造,810123,238.18,3,2,2,有,無,15900000,66756,,0,0,,RPRNMLKMPHOFFCF48CA
新店區,房地(土地+建物),新北市新店區安康路二段91~120號,28.59,住,,,1080701,土地1建物1車位0,四層,五層,公寓(5樓含以下無電梯),住家用,鋼筋混凝土造,740509,103.09,3,2,2,有,無,7500000,72752,,0,0,,RPOPMLKMPHOFFCF38CA
新店區,房地(土地+建物),新北市新店區安康路二段121~150號,24.13,住,,,1080624,土地1建物1車位0,三層,五層,公寓(5樓含以下無電梯),住家用,鋼筋混凝土造,740509,97.02,3,2,2,有,無,6300000,64935,,0,0,,RPPOMLTLPHOFFCF56CA
新店區,房地(土地+建物),新北市新店區中正路121~150號,31.47,住,,,1080719,土地2建物1車位0,四層,五層,公寓(5樓含以下無電梯),住家用,鋼筋混凝土造,670119,133.92,4,2,2,有,無,15500000,115741,,0,0,,RPPOMLQJQHOFFCF78CA
淡水區,房地(土地+建物),新北市淡水區學府路136巷22弄1~30號,32.96,住,,,1080623,土地1建物1車位0,三層,五層,公寓(5樓含以下無電梯),住家用,鋼筋混凝土造,780311,106.16,3,2,1,有,無,4750000,44744,,0,0,,RPQNMLSLQHOFFEF76CA
蘆洲區,房地(土地+建物),新北市蘆洲區民義街9巷1~30號,37.19,住,,,1080628,土地1建物1車位0,二層,五層,公寓(5樓含以下無電梯),住家用,鋼筋混凝土造,700907,137,3,1,1,有,無,11500000,83942,,0,0,,RPPPMLLMPHOFFGF98CA
中和區,房地(土地+建物),新北市中和區員山路423巷1~30號,30.01,住,,,1080606,土地2建物1車位0,五層,五層,公寓(5樓含以下無電梯),住家用,鋼筋混凝土造,720601,95.6,3,2,2,有,無,11400000,119247,,0,0,含增建或未登記建物。;,RPXOMLTLPHOFFHF87CA
中和區,房地(土地+建物),新北市中和區員山路611巷6弄1~30號,29.96,工,,,1080627,土地2建物1車位0,五層,五層,公寓(5樓含以下無電梯),工業用,鋼筋混凝土造,740121,107.89,2,1,1,有,無,8200000,76003,,0,0,含增建或未登記建物。;,RPWRMLMJQHOFFHF27CA
中和區,房地(土地+建物),新北市中和區圓通路211~240號,45.83,住,,,1080702,土地1建物1車位0,四層,五層,公寓(5樓含以下無電梯),住家用,鋼筋混凝土造,770505,133.31,4,2,2,有,無,13800000,103518,,0,0,,RPXOMLRJQHOFFHF57CA
中和區,房地(土地+建物),新北市中和區秀朗路三段128巷1~30號,34.28,住,,,1080621,土地1建物1車位0,四層，陽台,五層,公寓(5樓含以下無電梯),住家用,鋼筋混凝土造,700120,104.64,3,2,2,有,無,10150000,96999,,0,0,親友、員工或其他特殊關係間之交易。;,RPPOMLNLQHOFFHF56CA
樹林區,房地(土地+建物),新北市樹林區光興街376巷1~30號,39.43,,山坡地保育區,丙種建築用地,1080718,土地1建物1車位0,五層,五層,公寓(5樓含以下無電梯),住家用,鋼筋混凝土造,860815,98.05,3,1,1,有,無,3500000,35696,,0,0,親友、員工或其他特殊關係間之交易。;,RPRTMLNKQHOFFIF27CA
新店區,房地(土地+建物),新北市新店區如意街5巷1~30號,22.79,住,,,1080701,土地3建物1車位0,五層,五層,公寓(5樓含以下無電梯),住家用,鋼筋混凝土造,720208,63.72,2,1,1,有,無,2350000,36880,,0,0,親友、員工或其他特殊關係間之交易。;,RPOOMLOKQHOFFCF68DA
新店區,房地(土地+建物),新北市新店區永業路1~30號,36.31,住,,,1080622,土地1建物1車位0,五層，夾層,五層,公寓(5樓含以下無電梯),住家用,鋼筋混凝土造,760505,130.54,5,3,3,有,無,8500000,65114,,0,0,含增建或未登記建物。,RPOOMLTLPHOFFCF56DA
汐止區,房地(土地+建物),新北市汐止區樟樹一路141巷1~30號,22.55,商,,,1080616,土地1建物1車位0,五層,五層,公寓(5樓含以下無電梯),住家用,鋼筋混凝土造,751016,82.41,3,2,1,有,無,6800000,82514,,0,0,含增建或未登記建物。,RPWPMLMJQHOFFDF76DA
三重區,房地(土地+建物),新北市三重區正義南路105巷1~30號,29.51,住,,,1080630,土地1建物1車位0,五層，陽台,五層,公寓(5樓含以下無電梯),住家用,鋼筋混凝土造,690718,105,6,4,3,有,無,8250000,78571,,0,0,含增建或未登記建物。,RPPRMLLMPHOFFGF66DA
三重區,房地(土地+建物),新北市三重區車路頭街51巷1~30號,10.4,住,,,1080719,土地1建物1車位0,一層,五層,公寓(5樓含以下無電梯),商業用,鋼筋混凝土造,730724,39.22,0,0,0,無,無,4800000,122387,,0,0,親友、員工或其他特殊關係間之交易。;,RPQNMLTLPHOFFGF17EA
蘆洲區,房地(土地+建物),新北市蘆洲區永安南路二段331~360號,34.37,住,,,1080718,土地2建物1車位0,三層,五層,公寓(5樓含以下無電梯),住家用,鋼筋混凝土造,770615,120.15,4,2,2,有,無,9000000,74906,,0,0,,RPSPMLTLPHOFFGF57EA
板橋區,房地(土地+建物),新北市板橋區長江路一段48巷4弄1~30號,24.8,住,,,1080702,土地2建物1車位0,一層，平台,五層,公寓(5樓含以下無電梯),住家用,鋼筋混凝土造,,91.68,0,0,0,無,無,11000000,119983,,0,0,"增建部分同主建物一併移轉,撤銷原申報書序號A1FA10807300200",RPRQMLKMQHOFFAF88EA
林口區,房地(土地+建物)+車位,新北市林口區福林路52巷31~60號,0.07,住,,,1080719,土地1建物1車位1,四層,五層,公寓(5樓含以下無電梯),住家用,鋼筋混凝土造,980320,0.16,4,2,2,有,無,8720,0,一樓平面,0,0,親友、員工或其他特殊關係間之交易。;,RPXQMLLJQHOFFBF76EA
新莊區,房地(土地+建物),新北市新莊區公園一路61~90號,8.69,住,,,1080717,土地2建物1車位0,三層,五層,公寓(5樓含以下無電梯),住家用,鋼筋混凝土造,760611,32.05,2,1,1,有,無,3000000,93604,,0,0,親友、員工或其他特殊關係間之交易。;,RPPNMLQJQHOFFBF78EA
樹林區,房地(土地+建物),新北市樹林區日新街91~120號,27,商,,,1080531,土地2建物1車位0,五層，陽台,五層,公寓(5樓含以下無電梯),住家用,鋼筋混凝土造,,110.59,10,1,10,有,無,8860000,80116,,0,0,含增建或未登記建物。,RPOOMLLJQHOFFIF88DA
五股區,房地(土地+建物),新北市五股區西雲路31~60號,21.25,住,,,1080703,土地1建物1車位0,四層,五層,公寓(5樓含以下無電梯),住家用,鋼筋混凝土造,800315,77.6,3,2,2,有,無,5080000,65464,,0,0,含增建或未登記建物。,RPVQMLLJQHOFFBF09DA
樹林區,房地(土地+建物),新北市樹林區啟智街151~180號,29,住,,,1080623,土地1建物1車位0,五層,五層,公寓(5樓含以下無電梯),住家用,鋼筋混凝土造,710218,83.12,3,1,1,有,無,5260000,63282,,0,0,,RPQRMLQJQHOFFIF17CA
樹林區,房地(土地+建物),新北市樹林區樹新路211~240號,17.81,住,,,1080514,土地1建物1車位0,三層,五層,公寓(5樓含以下無電梯),住家用,鋼筋混凝土造,720124,59.89,3,2,2,有,無,4150000,69294,,0,0,含增建或未登記建物。;,RPQOMLMJQHOFFIF09CA
樹林區,房地(土地+建物),新北市樹林區保安街二段271~300號,23.62,住,,,1080627,土地1建物1車位0,二層,五層,公寓(5樓含以下無電梯),住家用,鋼筋混凝土造,,85.47,3,2,2,有,無,6500000,76050,,0,0,,RPWRMLMJQHOFFIF37CA
中和區,房地(土地+建物),新北市中和區民利街151~180號,47.67,住,,,1080605,土地6建物1車位0,四層，五層,五層,公寓(5樓含以下無電梯),住家用,鋼筋混凝土造,781115,181.67,4,2,3,有,有,12000000,66054,,0,0,,RPOOMLTKQHOFFHF96CA
永和區,房地(土地+建物),新北市永和區保安路125巷1弄1~30號,24.63,住,,,1080614,土地1建物1車位0,二層，陽台,五層,公寓(5樓含以下無電梯),住家用,鋼筋混凝土造,671107,86.36,3,2,1,有,無,7500000,86846,,0,0,親友、員工或其他特殊關係間之交易。;,RPTOMLQKQHOFFHF17CA
中和區,房地(土地+建物),新北市中和區南山路81巷31~60號,24.24,住,,,1080706,土地2建物1車位0,一層，平台,五層,公寓(5樓含以下無電梯),住家用,鋼筋混凝土造,671028,91.68,4,2,2,有,無,15800000,172339,,0,0,,RPPQMLMKQHOFFHF56CA
中和區,房地(土地+建物)+車位,新北市中和區圓通路367巷33弄121~150號,97.84,其他,,,1080609,土地4建物1車位1,一層,五層,華廈(10層含以下有電梯),住家用,見其他登記事項,980806,156.01,2,2,2,有,有,13000000,83328,坡道平面,29.8,0,,RPUPMLPJQHOFFHF17CA
中和區,房地(土地+建物),新北市中和區連城路421~450號,22.44,住,,,1080627,土地1建物1車位0,五層,五層,公寓(5樓含以下無電梯),住家用,鋼筋混凝土造,930903,106.74,2,2,2,有,無,8500000,79633,,0,0,含增建或未登記建物。,RPQNMLKMPHOFFHF88CA
永和區,房地(土地+建物),新北市永和區保福路二段163巷13弄1~30號,29.31,住,,,1080624,土地1建物1車位0,五層,五層,公寓(5樓含以下無電梯),住家用,鋼筋混凝土造,750523,106.42,3,2,2,有,無,9800000,92088,,0,0,含增建或未登記建物。;,RPUNMLKMPHOFFHF66CA
蘆洲區,房地(土地+建物),新北市蘆洲區中山一路271~300號,20.36,住,,,1080607,土地1建物1車位0,二層,五層,公寓(5樓含以下無電梯),住家用,鋼筋混凝土造,750529,83.15,0,0,0,無,無,6500000,78172,,0,0,含增建或未登記建物。;,RPVOMLPJQHOFFGF07CA
三重區,房地(土地+建物),新北市三重區大同北路267巷1~30號,22.38,住,,,1080623,土地2建物1車位0,二層,五層,華廈(10層含以下有電梯),見其他登記事項,鋼筋混凝土造,1050203,84.77,2,2,1,有,有,9100000,107349,,0,0,,RPPPMLLJQHOFFGF78CA
蘆洲區,房地(土地+建物),新北市蘆洲區中山二路46巷25弄1~30號,22.87,住,,,1080625,土地1建物1車位0,一層,五層,公寓(5樓含以下無電梯),見其他登記事項,鋼筋混凝土造,701224,91,3,2,2,有,無,12100000,132967,,0,0,含增建或未登記建物。;,RPRNMLKMPHOFFGF88CA
蘆洲區,房地(土地+建物),新北市蘆洲區中正路263巷1~30號,33.33,住,,,1080518,土地2建物1車位0,五層,五層,公寓(5樓含以下無電梯),住家用,鋼筋混凝土造,740108,110.67,3,2,2,有,無,8420000,76082,,0,0,含增建或未登記建物。;,RPXOMLKMPHOFFGF96CA
瑞芳區,房地(土地+建物),新北市瑞芳區員山子路員山巷31~60號,27.21,,鄉村區,乙種建築用地,1080628,土地1建物1車位0,五層,五層,公寓(5樓含以下無電梯),住家用,鋼筋混凝土造,871124,81.9,7,2,2,有,有,1100000,13431,,0,0,,RPUNMLOKQHOFFFF76CA
瑞芳區,房地(土地+建物)+車位,新北市瑞芳區逢甲路31~60號,24.97,商,,,1080702,土地1建物1車位1,三層,五層,華廈(10層含以下有電梯),住家用,鋼筋混凝土造,841125,128.18,0,0,0,無,無,3800000,29646,升降機械,0,0,,RPPNMLMLQHOFFFF78CA
淡水區,房地(土地+建物),新北市淡水區北新路182巷5弄1~30號,6.59,住,,,1080604,土地1建物1車位0,五層,五層,套房(1房1廳1衛),住家用,鋼筋混凝土造,780310,28.46,1,1,1,有,無,1700000,59733,,0,0,,RPPOMLKMPHOFFEF58CA
汐止區,房地(土地+建物),新北市汐止區民族六街4巷1~30號,23.54,住,,,1080603,土地1建物1車位0,一層,五層,公寓(5樓含以下無電梯),住家用,鋼筋混凝土造,701219,82.91,3,1,1,有,無,8000000,96490,,0,0,,RPWOMLQLQHOFFDF17CA
汐止區,房地(土地+建物),新北市汐止區汐萬路二段228巷31弄1~30號,41.39,,山坡地保育區,丙種建築用地,1080712,土地1建物1車位0,一層,五層,公寓(5樓含以下無電梯),住家用,鋼筋混凝土造,840824,101.98,3,2,2,有,有,5500000,53932,,0,0,,RPTRMLMKQHOFFDF66CA
新店區,房地(土地+建物),新北市新店區五?路63巷1~30號,52.95,其他,,,1080715,土地6建物1車位0,三層，陽台,五層,公寓(5樓含以下無電梯),住家用,鋼筋混凝土造,700528,101.72,3,2,2,有,無,8600000,84546,,0,0,親友、員工或其他特殊關係間之交易。;,RPPNMLTKQHOFFCF09CA
新莊區,房地(土地+建物),新北市新莊區天祥街47巷4弄1~30號,24,住,,,1080706,土地2建物1車位0,四層,五層,公寓(5樓含以下無電梯),住家用,鋼筋混凝土造,721205,79.28,3,2,1,有,無,5800000,73158,,0,0,,RPVSMLTLPHOFFBF47CA
土城區,房地(土地+建物),新北市土城區立仁街5巷1~30號,27.57,住,,,1080704,土地1建物1車位0,五層,五層,公寓(5樓含以下無電梯),見其他登記事項,鋼筋混凝土造,711201,94.85,3,2,2,有,無,8500000,89615,,0,0,含增建或未登記建物。;,RPPRMLRLQHOFFAF56CA
板橋區,房地(土地+建物),新北市板橋區萬板路31~60號,27.6,住,,,1080627,土地1建物1車位0,二層，陽台,五層,公寓(5樓含以下無電梯),住家用,鋼筋混凝土造,,109.06,3,2,2,有,無,12300000,112782,,0,0,,RPRPMLLMPHOFFAF58CA
土城區,房地(土地+建物),新北市土城區中正路41巷1~30號,20.94,住,,,1080601,土地1建物1車位0,二層,五層,公寓(5樓含以下無電梯),住家用,鋼筋混凝土造,,71.04,2,1,1,有,無,5390000,75873,,0,0,,RPUQMLLJQHOFFAF78CA
土城區,房地(土地+建物),新北市土城區中央路二段192巷1弄1~30號,28.16,商,,,1080702,土地2建物1車位0,四層,五層,公寓(5樓含以下無電梯),住家用,鋼筋混凝土造,,104.53,3,2,2,有,無,9500000,90883,,0,0,,RPQOMLQJQHOFFAF68CA
土城區,房地(土地+建物),新北市土城區永豐路98巷40弄1~30號,40.86,住,,,1080610,土地1建物1車位0,五層,五層,公寓(5樓含以下無電梯),住家用,鋼筋混凝土造,760110,128.1,3,2,2,有,無,12400000,96799,,0,0,未辦保存登記部分一併移轉。,RPRSMLKLQHOFFAF78CA
土城區,房地(土地+建物),新北市土城區延峰街12巷1~30號,26.12,住,,,1080616,土地1建物1車位0,五層,五層,公寓(5樓含以下無電梯),住家用,鋼筋混凝土造,750507,87.04,3,2,1,有,無,7600000,87316,,0,0,未辦保存登記部分一併移轉。,RPTSMLKLQHOFFAF98CA
板橋區,房地(土地+建物),新北市板橋區華興街61~90號,21,住,,,1080628,土地1建物1車位0,五層,五層,公寓(5樓含以下無電梯),住家用,鋼筋混凝土造,,97.83,5,5,5,有,無,8700000,88930,,0,0,含增建或未登記建物。;,RPWOMLSJQHOFFAF86CA
板橋區,房地(土地+建物),新北市板橋區四維路137巷1~30號,27.2,住,,,1080724,土地1建物1車位0,二層，陽台,五層,公寓(5樓含以下無電梯),住家用,鋼筋混凝土造,690718,100.93,4,1,1,有,無,10600000,105023,,0,0,,RPOOMLNKQHOFFAF28CA
新莊區,房地(土地+建物),新北市新莊區建中街81巷10弄1~30號,28.39,住,,,1080708,土地1建物1車位0,五層，陽台,五層,公寓(5樓含以下無電梯),住家用,鋼筋混凝土造,691226,102.58,3,2,1,有,無,6200000,60441,,0,0,含增建或未登記建物。,RPVRMLLMPHOFFBF66CA
泰山區,房地(土地+建物),新北市泰山區福德街1~30號,20.78,住,,,1080705,土地2建物1車位0,三層,五層,公寓(5樓含以下無電梯),住家用,鋼筋混凝土造,700220,78.11,1,2,1,有,無,5900000,75535,,0,0,,RPXPMLMJQHOFFBF56CA
五股區,房地(土地+建物),新北市五股區西雲路61~90號,20.08,住,,,1080614,土地1建物1車位0,一層，騎樓，停車場,五層,公寓(5樓含以下無電梯),商業用,鋼筋混凝土造,711227,85.03,0,0,0,無,無,8000000,94084,,0,0,親友、員工或其他特殊關係間之交易。;免除債務215萬元整,RPOQMLSJQHOFFBF98CA
新莊區,房地(土地+建物),新北市新莊區成功街61~90號,27.88,住,,,1080704,土地1建物1車位0,五層,五層,公寓(5樓含以下無電梯),住家用,鋼筋混凝土造,781213,122.27,4,2,2,有,無,8000000,65429,,0,0,含增建或未登記建物。;,RPOQMLMLQHOFFBF58CA
新店區,房地(土地+建物),新北市新店區安民街365巷1~30號,31.4,住,,,1080613,土地2建物1車位0,四層,五層,公寓(5樓含以下無電梯),住家用,鋼筋混凝土造,791101,126.009999999999,4,2,2,有,有,8200000,65074,,0,0,含增建或未登記建物。;,RPXOMLNJRHOFFCF76CA
汐止區,房地(土地+建物)+車位,新北市汐止區東勢街201巷1~30號,34.75,,山坡地保育區,丙種建築用地,1080629,土地1建物1車位1,四層,五層,公寓(5樓含以下無電梯),住家用,鋼筋混凝土造,880521,112.179999999999,3,2,2,有,有,7600000,67748,升降平面,0,0,含增建或未登記建物。;,RPXNMLLLQHOFFDF66CA
三重區,房地(土地+建物),新北市三重區洛陽街49巷9弄1~30號,27.31,住,,,1080308,土地5建物1車位0,二層,五層,公寓(5樓含以下無電梯),住家用,鋼筋混凝土造,771010,111.19,3,2,2,有,無,9100000,81842,,0,0,,RPUOMLLMPHOFFGF76CA
永和區,房地(土地+建物),新北市永和區成功路二段91~120號,18.48,住,,,1080621,土地1建物1車位0,二層，陽台,五層,公寓(5樓含以下無電梯),住家用,鋼筋混凝土造,671215,72.8,3,1,2,有,無,5500000,75549,,0,0,親友、員工或其他特殊關係間之交易。;,RPTPMLLMPHOFFHF86CA
中和區,房地(土地+建物),新北市中和區永和路128巷1~30號,28.04,住,,,1080318,土地1建物1車位0,五層,五層,公寓(5樓含以下無電梯),住家用,鋼筋混凝土造,830610,146.02,3,1,1,有,有,10000000,68484,,0,0,賣方以土地法第34-1多數決出賣,RPXOMLQJQHOFFHF47CA
中和區,房地(土地+建物)+車位,新北市中和區中板路15巷1~30號,35.92,工,,,1080702,土地1建物2車位1,五層,五層,公寓(5樓含以下無電梯),工業用,鋼筋混凝土造,810417,170.46,3,2,3,有,無,14750000,86531,坡道平面,0,0,含增建或未登記建物。;,RPTSMLPJQHOFFHF37CA
樹林區,房地(土地+建物),新北市樹林區保安二街40巷31~60號,28.82,住,,,1080621,土地1建物1車位0,四層，陽台,五層,公寓(5樓含以下無電梯),住家用,鋼筋混凝土造,680101,90.39,3,1,1,有,無,5000000,55316,,0,0,,RPOSMLLMPHOFFIF76CA
三峽區,房地(土地+建物),新北市三峽區大同路226巷1~30號,30.28,住,,,1080313,土地2建物1車位0,五層,五層,公寓(5樓含以下無電梯),住家用,鋼筋混凝土造,820721,109.06,3,2,2,有,無,5000000,45846,,0,0,含增建或未登記建物。權利人共2人。,RPTNMLLJQHOFFIF66DA
板橋區,房地(土地+建物),新北市板橋區中山路一段158巷1~30號,26.8,其他,,,1080624,土地1建物1車位0,五層,五層,公寓(5樓含以下無電梯),工業用,鋼筋混凝土造,701204,96.92,2,2,1,有,無,7000000,72225,,0,0,親友、員工或其他特殊關係間之交易。;含增建或未登記建物。;,RPXNMLKMQHOFFAF56EA
中和區,房地(土地+建物)+車位,新北市中和區中板路1~30號,37.83,工,,,1080701,土地1建物1車位1,三層,五層,廠辦,工業用,鋼筋混凝土造,810417,178.01,0,0,0,無,無,12900000,72468,坡道平面,36.05,0,,RPPOMLLLQHOFFHF09DA
鶯歌區,房地(土地+建物),新北市鶯歌區中山路329巷22弄1~30號,21.4,住,,,1080708,土地1建物1車位0,三層,五層,公寓(5樓含以下無電梯),住家用,鋼筋混凝土造,,92.97,3,2,1,有,無,4550000,48941,,0,0,,RPWOMLLMPHOFFIF27DA
中和區,房地(土地+建物),新北市中和區自立路99巷22弄1~30號,35.47,住,,,1080622,土地2建物1車位0,二層，三層,五層,公寓(5樓含以下無電梯),住家用,鋼筋混凝土造,771212,131.45,3,2,2,有,有,11770000,89540,,0,0,含增建或未登記建物,RPORMLLJQHOFFHF09DA
板橋區,房地(土地+建物),新北市板橋區大觀路二段150巷1~30號,32.39,住,,,1080714,土地2建物1車位0,一層,五層,公寓(5樓含以下無電梯),住家用,鋼筋混凝土造,,85.69,1,1,1,有,無,8500000,99195,,0,0,,RPPPMLQLQHOFFAF09EA
蘆洲區,房地(土地+建物),新北市蘆洲區永平街32巷45弄1~30號,33.23,住,,,1080630,土地1建物1車位0,二層,五層,公寓(5樓含以下無電梯),住家用,鋼筋混凝土造,771010,104.69,3,2,2,有,無,8800000,84058,,0,0,,RPRPMLQJQHOFFGF96DA
樹林區,房地(土地+建物),新北市樹林區文化街1~30號,24.99,住,,,1080621,土地1建物1車位0,五層,五層,公寓(5樓含以下無電梯),住家用,鋼筋混凝土造,,98.92,3,2,2,有,無,6600000,66721,,0,0,含增建或未登記建物。;,RPXNMLMJQHOFFIF07CA
中和區,房地(土地+建物),新北市中和區莒光路61~90號,23.15,住,,,1080708,土地1建物1車位0,二層，陽台,五層,公寓(5樓含以下無電梯),住家用,鋼筋混凝土造,671130,82.34,3,1,1,有,無,7350000,89264,,0,0,,RPUQMLMKQHOFFHF07CA
中和區,房地(土地+建物),新北市中和區秀朗路三段128巷36弄1~30號,28.79,住,,,1080705,土地1建物1車位0,四層，陽台,五層,公寓(5樓含以下無電梯),住家用,鋼筋混凝土造,690902,96.73,2,2,2,有,無,9200000,95110,,0,0,,RPUPMLLJQHOFFHF76CA
永和區,房地(土地+建物),新北市永和區竹林路119巷53弄1~30號,27.4,住,,,1080705,土地1建物1車位0,二層，陽台,五層,公寓(5樓含以下無電梯),住家用,鋼筋混凝土造,680316,90.46,3,2,2,有,無,11500000,127128,,0,0,,RPRSMLLJQHOFFHF76CA
三重區,房地(土地+建物),新北市三重區正義南路89巷1~30號,26.86,住,,,1080625,土地1建物1車位0,五層，陽台,五層,公寓(5樓含以下無電梯),住家用,鋼筋混凝土造,690718,90,4,0,4,有,無,10500000,116667,,0,0,含增建或未登記建物。;,RPUNMLQKQHOFFGF07CA
三重區,房地(土地+建物),新北市三重區永安北路一段27巷1~30號,11,住,,,1080706,土地1建物1車位0,四層,五層,公寓(5樓含以下無電梯),住家用,鋼筋混凝土造,840214,36.67,1,1,1,有,無,3750000,102263,,0,0,含增建或未登記建物。;,RPPOMLLJQHOFFGF68CA
三重區,房地(土地+建物),新北市三重區大勇街61~90號,27.81,住,,,1080629,土地2建物1車位0,一層,五層,公寓(5樓含以下無電梯),見其他登記事項,鋼筋混凝土造,761013,98.28,0,0,0,無,無,11250000,114469,,0,0,含增建或未登記建物。,RPXOMLLMPHOFFGF07CA
淡水區,房地(土地+建物),新北市淡水區水源街二段74巷1~30號,24.66,住,,,1080706,土地1建物1車位0,地下一層,五層,公寓(5樓含以下無電梯),見其他登記事項,鋼筋混凝土造,830628,125.14,5,0,5,有,有,4350000,34761,,0,0,陽台外推,RPWPMLQJQHOFFEF17CA
新店區,房地(土地+建物),新北市新店區安德街121~150號,30.52,住,,,1080628,土地1建物1車位0,三層,五層,公寓(5樓含以下無電梯),住家用,鋼筋混凝土造,751205,103.34,3,2,2,有,無,6500000,62899,,0,0,,RPSNMLLJQHOFFCF48CA
五股區,房地(土地+建物),新北市五股區成泰路一段241巷7弄1~30號,31.18,住,,,1080709,土地2建物1車位0,四層,五層,公寓(5樓含以下無電梯),住家用,鋼筋混凝土造,770428,106.43,3,1,1,有,無,5312000,49911,,0,0,,RPWNMLMJQHOFFBF88CA
土城區,房地(土地+建物),新北市土城區承天路91~120號,33.41,其他,,,1080712,土地1建物1車位0,四層,五層,套房(1房1廳1衛),住家用,鋼筋混凝土造,871130,39.93,1,1,1,有,有,2500000,62610,,0,0,,RPUNMLMKQHOFFAF68CA
土城區,房地(土地+建物),新北市土城區明德路一段60巷1~30號,35.3,住,,,1080610,土地1建物1車位0,一層,五層,公寓(5樓含以下無電梯),見使用執照,鋼筋混凝土造,770915,122.11,3,2,2,有,無,4900000,40128,,0,0,親友、員工或其他特殊關係間之交易。;二親等買賣,RPVNMLRJQHOFFAF56CA
板橋區,房地(土地+建物),新北市板橋區宏國路1~30號,17.8,住,,,1080603,土地1建物1車位0,一層，騎樓,五層,店面(店鋪),見使用執照,鋼筋混凝土造,,74.58,0,0,0,無,無,20100000,269509,,0,0,,RPVPMLQKPHOFFAF66CA
板橋區,房地(土地+建物),新北市板橋區中山路二段553巷1~30號,40.05,住,,,1080609,土地1建物1車位0,一層,五層,公寓(5樓含以下無電梯),住家用,鋼筋混凝土造,,148.99,4,2,2,有,無,18000000,120813,,0,0,含增建或未登記建物。;,RPVNMLTKPHOFFAF76CA
板橋區,房地(土地+建物),新北市板橋區中山路一段265巷1~30號,25.6,住,,,1080329,土地1建物1車位0,三層，陽台,五層,公寓(5樓含以下無電梯),住家用,鋼筋混凝土造,681217,81.91,3,2,1,有,無,10000000,122085,,0,0,親友、員工或其他特殊關係間之交易。;,RPSOMLMLPHOFFAF58CA
板橋區,房地(土地+建物),新北市板橋區光明街1~30號,13.86,住,,,1080620,土地1建物1車位0,一層,五層,華廈(10層含以下有電梯),見其他登記事項,見其他登記事項,1041218,43.81,1,1,1,有,有,6700000,152933,,0,0,,RPWPMLMLPHOFFAF09CA
新莊區,房地(土地+建物),新北市新莊區八德街58巷1~30號,21.13,住,,,1080610,土地1建物1車位0,二層,五層,公寓(5樓含以下無電梯),住家用,鋼筋混凝土造,750325,96.24,3,2,2,有,無,7000000,72735,,0,0,,RPRTMLLKPHOFFBF88CA
林口區,房地(土地+建物)+車位,新北市林口區中山路571~600號,64.26,住,,,1080530,土地1建物1車位1,一層，二層，三層，四層，五層,五層,透天厝,住家用,鋼筋混凝土造,950526,179.48,3,3,3,有,有,10600000,59060,坡道平面,0,0,含增建或未登記建物。;,RPRNMLPKPHOFFBF68CA
泰山區,房地(土地+建物),新北市泰山區新生路5巷1~30號,33.65,住,,,1080531,土地1建物1車位0,四層,五層,公寓(5樓含以下無電梯),住家用,鋼筋混凝土造,700908,97.5,3,2,1,有,無,5900000,60513,,0,0,,RPTRMLQKPHOFFBF76CA
新莊區,房地(土地+建物),新北市新莊區新泰路347巷8弄1~30號,22.98,住,,,1080528,土地1建物1車位0,二層,五層,公寓(5樓含以下無電梯),住家用,鋼筋混凝土造,731218,88.47,3,1,2,有,無,6500000,73471,,0,0,,RPONNLSKPHOFFBF78CA
新莊區,房地(土地+建物),新北市新莊區瓊泰路1~30號,26.85,住,,,1080523,土地1建物1車位0,五層，陽台,五層,公寓(5樓含以下無電梯),住家用,鋼筋混凝土造,690917,85.85,4,2,2,有,無,7800000,90856,,0,0,含增建或未登記建物。;,RPTRMLQLPHOFFBF86CA
新店區,房地(土地+建物)+車位,新北市新店區櫻花街121~150號,27.99,住,,,1080510,土地1建物1車位1,五層,五層,華廈(10層含以下有電梯),見其他登記事項,見其他登記事項,1080325,88.36,0,1,1,有,有,4550000,75188,坡道平面,39.15,850000,土地及建物分次登記案件。前案土地登記收件字號：;,RPTOMLLKPHOFFCF68CA
新店區,房地(土地+建物)+車位,新北市新店區櫻花街121~150號,68.84,住,,,1080624,土地1建物1車位1,三層,五層,華廈(10層含以下有電梯),見其他登記事項,見其他登記事項,1080325,180.19,2,2,2,有,有,10850000,69342,坡道平面,39.15,1070000,土地及建物分次登記案件。前案土地登記收件字號：;,RPUOMLLKPHOFFCF78CA
新店區,房地(土地+建物),新北市新店區建國路151~180號,19.69,住,,,1080615,土地1建物1車位0,四層,五層,公寓(5樓含以下無電梯),住家用,加強磚造,660208,52.8,2,1,1,有,無,7250000,137311,,0,0,含增建或未登記建物。;,RPXPMLLKPHOFFCF56CA
新店區,房地(土地+建物),新北市新店區北新路二段1~30號,17.03,住,,,1080506,土地1建物1車位0,三層,五層,公寓(5樓含以下無電梯),住家用,鋼筋混凝土造,671205,66.75,3,1,1,有,無,7100000,106367,,0,0,,RPSNMLMKPHOFFCF58CA
新店區,房地(土地+建物),新北市新店區富貴街16巷1~30號,35.44,其他,,,1080604,土地4建物1車位0,五層,五層,公寓(5樓含以下無電梯),住家用,鋼筋混凝土造,720126,86.87,3,2,1,有,有,4900000,56406,,0,0,,RPSNMLQKPHOFFCF98CA
新店區,房地(土地+建物),新北市新店區錦秀路41巷1~30號,35.16,住,,,1080611,土地2建物1車位0,二層,五層,公寓(5樓含以下無電梯),住家用,鋼筋混凝土造,731228,119.37,3,2,2,有,無,5600000,46913,,0,0,,RPPNMLSKPHOFFCF88CA
淡水區,房地(土地+建物),新北市淡水區水源街二段34巷1~30號,21.31,住,,,1080622,土地1建物1車位0,五層,五層,公寓(5樓含以下無電梯),住家用,鋼筋混凝土造,691103,87.83,9,0,9,有,無,3760000,42810,,0,0,隔9間套房,RPQRMLQKPHOFFEF76CA
汐止區,房地(土地+建物),新北市汐止區大同路一段301~330號,22.22,住,,,1080601,土地2建物1車位0,二層,五層,公寓(5樓含以下無電梯),住家用,鋼筋混凝土造,670118,93.45,0,0,0,無,無,6300000,67416,,0,0,,RPQOMLLLQHOFFDF68CA
三重區,房地(土地+建物),新北市三重區忠孝路三段15巷16弄1~30號,21.2,住,,,1080603,土地1建物1車位0,一層,五層,公寓(5樓含以下無電梯),住家用,鋼筋混凝土造,730712,85.27,2,1,1,有,無,10600000,124311,,0,0,含增建或未登記建物。;,RPPNMLMKPHOFFGF68CA
三重區,房地(土地+建物),新北市三重區車路頭街91~120號,24.6,住,,,1080601,土地1建物1車位0,四層，陽台,五層,公寓(5樓含以下無電梯),住家用,鋼筋混凝土造,681029,95,4,2,2,有,無,7400000,77895,,0,0,含增建或未登記建物。;,RPXUMLMKPHOFFGF57CA
三重區,房地(土地+建物),新北市三重區三和路四段264巷2弄1~30號,34.8,住,,,1080610,土地1建物1車位0,三層,五層,公寓(5樓含以下無電梯),住家用,鋼筋混凝土造,750205,104.41,3,1,2,有,無,7500000,71832,,0,0,二親等買賣,RPXOMLNLPHOFFGF17CA
三重區,房地(土地+建物),新北市三重區自強路二段74巷1~30號,25,住,,,1080623,土地3建物1車位0,一層，騎樓，地下層,五層,店面(店鋪),住家用,鋼筋混凝土造,771216,131.3,0,0,1,有,無,33800000,257426,,0,0,含增建或未登記建物。;,RPQRMLNLPHOFFGF76CA
